Time,MIDI_Note,Note_Label,Pitch,Power,Spectral_Centroid
0.41379299999999997,70,A#4,775.1220703125,0.0159292109310627,898.2990472803673
0.41379299999999997,67,G4,775.1220703125,0.0159292109310627,898.2990472803673
0.41379299999999997,65,F4,775.1220703125,0.0159292109310627,898.2990472803673
0.41379299999999997,62,D4,775.1220703125,0.0159292109310627,898.2990472803673
0.8275859999999999,70,A#4,1163.0213623046875,0.024885017424821854,1195.6933431419545
0.8275859999999999,67,G4,1163.0213623046875,0.024885017424821854,1195.6933431419545
0.8275859999999999,65,F4,1163.0213623046875,0.024885017424821854,1195.6933431419545
0.8275859999999999,62,D4,1163.0213623046875,0.024885017424821854,1195.6933431419545
1.241379,70,A#4,1120.0069580078125,0.015407552011311054,1269.71379887769
1.241379,67,G4,1120.0069580078125,0.015407552011311054,1269.71379887769
1.241379,65,F4,1120.0069580078125,0.015407552011311054,1269.71379887769
1.241379,62,D4,1120.0069580078125,0.015407552011311054,1269.71379887769
1.655172,70,A#4,992.8771362304688,0.019059473648667336,1427.7107588234662
1.655172,67,G4,992.8771362304688,0.019059473648667336,1427.7107588234662
1.655172,65,F4,992.8771362304688,0.019059473648667336,1427.7107588234662
1.655172,62,D4,992.8771362304688,0.019059473648667336,1427.7107588234662
2.482758,70,A#4,1163.08447265625,0.014226950705051422,1925.5169020376152
2.482758,67,G4,1163.08447265625,0.014226950705051422,1925.5169020376152
2.482758,65,F4,1163.08447265625,0.014226950705051422,1925.5169020376152
2.482758,62,D4,1163.08447265625,0.014226950705051422,1925.5169020376152
3.724137,70,A#4,1154.25390625,0.0060011292807757854,3648.746556539799
3.724137,67,G4,1154.25390625,0.0060011292807757854,3648.746556539799
3.724137,64,E4,1154.25390625,0.0060011292807757854,3648.746556539799
3.724137,60,C4,1154.25390625,0.0060011292807757854,3648.746556539799
4.13793,70,A#4,0.0,0.00462839612737298,460.2943372023347
4.13793,67,G4,0.0,0.00462839612737298,460.2943372023347
4.13793,64,E4,0.0,0.00462839612737298,460.2943372023347
4.13793,60,C4,0.0,0.00462839612737298,460.2943372023347
4.551722999999999,70,A#4,750.9931640625,0.0002022947883233428,1245.5799538235196
4.551722999999999,67,G4,750.9931640625,0.0002022947883233428,1245.5799538235196
4.551722999999999,65,F4,750.9931640625,0.0002022947883233428,1245.5799538235196
4.551722999999999,62,D4,750.9931640625,0.0002022947883233428,1245.5799538235196
4.965515999999998,70,A#4,0.0,0.0,0.0
4.965515999999998,67,G4,0.0,0.0,0.0
4.965515999999998,64,E4,0.0,0.0,0.0
4.965515999999998,60,C4,0.0,0.0,0.0
5.3793089999999975,67,G4,0.0,0.0,0.0
5.3793089999999975,64,E4,0.0,0.0,0.0
5.3793089999999975,58,A#3,0.0,0.0,0.0
5.586205499999997,67,G4,0.0,0.0,0.0
5.586205499999997,64,E4,0.0,0.0,0.0
5.586205499999997,58,A#3,0.0,0.0,0.0
7.034480999999996,69,A4,0.0,0.0,0.0
7.034480999999996,65,F4,0.0,0.0,0.0
7.034480999999996,63,D#4,0.0,0.0,0.0
7.034480999999996,60,C4,0.0,0.0,0.0
7.448273999999995,69,A4,0.0,0.0,0.0
7.448273999999995,65,F4,0.0,0.0,0.0
7.448273999999995,63,D#4,0.0,0.0,0.0
7.448273999999995,60,C4,0.0,0.0,0.0
7.862066999999994,69,A4,0.0,0.0,0.0
7.862066999999994,65,F4,0.0,0.0,0.0
7.862066999999994,63,D#4,0.0,0.0,0.0
7.862066999999994,60,C4,0.0,0.0,0.0
8.275859999999994,63,D#4,0.0,0.0,0.0
8.275859999999994,60,C4,0.0,0.0,0.0
8.275859999999994,67,G4,0.0,0.0,0.0
8.275859999999994,70,A#4,0.0,0.0,0.0
9.103445999999995,69,A4,0.0,1.1005276064679492e-05,4609.497129704145
9.103445999999995,65,F4,0.0,1.1005276064679492e-05,4609.497129704145
9.103445999999995,63,D#4,0.0,1.1005276064679492e-05,4609.497129704145
9.103445999999995,60,C4,0.0,1.1005276064679492e-05,4609.497129704145
9.517238999999995,65,F4,0.0,1.8073624232783914e-05,4309.820545855161
9.517238999999995,53,F3,0.0,1.8073624232783914e-05,4309.820545855161
9.931031999999995,65,F4,0.0,1.8511462258175015e-05,4506.062496979028
9.931031999999995,53,F3,0.0,1.8511462258175015e-05,4506.062496979028
10.344824999999995,70,A#4,0.0,1.758236248861067e-05,4378.9585325059215
10.344824999999995,65,F4,0.0,1.758236248861067e-05,4378.9585325059215
10.344824999999995,62,D4,0.0,1.758236248861067e-05,4378.9585325059215
10.344824999999995,58,A#3,0.0,1.758236248861067e-05,4378.9585325059215
10.758617999999995,70,A#4,0.0,1.7951666450244375e-05,4309.648710750427
10.758617999999995,65,F4,0.0,1.7951666450244375e-05,4309.648710750427
10.758617999999995,62,D4,0.0,1.7951666450244375e-05,4309.648710750427
10.758617999999995,58,A#3,0.0,1.7951666450244375e-05,4309.648710750427
11.172410999999995,70,A#4,0.0,1.8066919437842444e-05,4411.676294120929
11.172410999999995,67,G4,0.0,1.8066919437842444e-05,4411.676294120929
11.172410999999995,63,D#4,0.0,1.8066919437842444e-05,4411.676294120929
11.172410999999995,60,C4,0.0,1.8066919437842444e-05,4411.676294120929
11.586203999999995,70,A#4,0.0,1.8112508769263513e-05,4468.211747599165
11.586203999999995,65,F4,0.0,1.8112508769263513e-05,4468.211747599165
11.586203999999995,62,D4,0.0,1.8112508769263513e-05,4468.211747599165
11.586203999999995,58,A#3,0.0,1.8112508769263513e-05,4468.211747599165
11.999996999999995,65,F4,0.0,1.8255343093187548e-05,4461.355129117612
11.999996999999995,63,D#4,0.0,1.8255343093187548e-05,4461.355129117612
11.999996999999995,60,C4,0.0,1.8255343093187548e-05,4461.355129117612
11.999996999999995,57,A3,0.0,1.8255343093187548e-05,4461.355129117612
12.413789999999995,65,F4,0.0,0.010704312473535538,5706.897370394667
12.413789999999995,62,D4,0.0,0.010704312473535538,5706.897370394667
12.413789999999995,58,A#3,0.0,0.010704312473535538,5706.897370394667
12.413789999999995,53,F3,0.0,0.010704312473535538,5706.897370394667
14.068961999999996,62,D4,1178.56103515625,0.00323482439853251,1316.2906096638546
14.068961999999996,58,A#3,1178.56103515625,0.00323482439853251,1316.2906096638546
14.068961999999996,43,G2,1178.56103515625,0.00323482439853251,1316.2906096638546
14.068961999999996,31,G1,1178.56103515625,0.00323482439853251,1316.2906096638546
14.482754999999996,55,G3,1175.19873046875,0.019870610907673836,1232.2380003547437
14.896547999999996,58,A#3,1175.6553955078125,0.0071459608152508736,863.3779492932991
15.310340999999996,62,D4,1175.797607421875,0.002464545425027609,2452.62985374762
15.724133999999996,67,G4,1175.3289794921875,0.0012877073604613543,1195.6036095004415
16.137926999999994,62,D4,639.80126953125,0.026257436722517014,3356.4374486690026
16.551719999999992,58,A#3,585.0432739257812,0.05064370855689049,4852.333617371236
16.96551299999999,55,G3,1169.3616943359375,0.01814023219048977,6532.094240494753
17.37930599999999,53,F3,1152.357666015625,0.08123030513525009,1628.9062310544143
17.37930599999999,56,G#3,1152.357666015625,0.08123030513525009,1628.9062310544143
17.37930599999999,58,A#3,1152.357666015625,0.08123030513525009,1628.9062310544143
17.37930599999999,50,D3,1152.357666015625,0.08123030513525009,1628.9062310544143
17.37930599999999,34,A#1,1152.357666015625,0.08123030513525009,1628.9062310544143
17.37930599999999,46,A#2,1152.357666015625,0.08123030513525009,1628.9062310544143
20.68964999999999,70,A#4,909.033203125,0.08316443115472794,2139.073835875134
20.68964999999999,67,G4,909.033203125,0.08316443115472794,2139.073835875134
20.68964999999999,39,D#2,909.033203125,0.08316443115472794,2139.073835875134
20.68964999999999,51,D#3,909.033203125,0.08316443115472794,2139.073835875134
21.103442999999988,63,D#4,1019.1048583984375,0.08760364353656769,2074.025502771763
21.517235999999986,67,G4,872.6727905273438,0.057405874133110046,3574.1989470379744
21.931028999999985,70,A#4,505.91326904296875,0.07269937545061111,2061.603411284064
22.344821999999983,72,C5,520.2967529296875,0.03502107784152031,2279.381325587663
22.344821999999983,68,G#4,520.2967529296875,0.03502107784152031,2279.381325587663
22.75861499999998,75,D#5,504.670166015625,0.0025378200225532055,2262.7951047954234
23.17240799999998,70,A#4,1171.3023681640625,0.0045279450714588165,3555.2288086038916
23.17240799999998,67,G4,1171.3023681640625,0.0045279450714588165,3555.2288086038916
23.586200999999978,75,D#5,1188.2025146484375,0.10543013364076614,1763.732454025233
23.999993999999976,67,G4,667.8259887695312,0.10735523700714111,2189.573885370427
23.999993999999976,63,D#4,667.8259887695312,0.10735523700714111,2189.573885370427
23.999993999999976,48,C3,667.8259887695312,0.10735523700714111,2189.573885370427
23.999993999999976,36,C2,667.8259887695312,0.10735523700714111,2189.573885370427
24.413786999999974,60,C4,1032.52001953125,0.061949294060468674,2355.280279909603
24.827579999999973,60,C4,1042.59326171875,0.07833670824766159,2492.7000214837067
24.827579999999973,63,D#4,1042.59326171875,0.07833670824766159,2492.7000214837067
24.827579999999973,67,G4,1042.59326171875,0.07833670824766159,2492.7000214837067
25.24137299999997,60,C4,1189.169677734375,0.04007278382778168,5745.19268103545
25.24137299999997,63,D#4,1189.169677734375,0.04007278382778168,5745.19268103545
25.24137299999997,67,G4,1189.169677734375,0.04007278382778168,5745.19268103545
25.65516599999997,48,C3,1023.4473266601562,0.10078708827495575,1829.2587156972977
26.068958999999968,63,D#4,922.8734130859375,0.044541992247104645,1968.1637188623436
26.068958999999968,60,C4,922.8734130859375,0.044541992247104645,1968.1637188623436
26.068958999999968,67,G4,922.8734130859375,0.044541992247104645,1968.1637188623436
26.275855499999967,48,C3,1179.8262939453125,0.06471385806798935,1533.7601960063416
26.482751999999966,60,C4,1020.3709716796875,0.08647629618644714,1429.6683339668602
26.482751999999966,63,D#4,1020.3709716796875,0.08647629618644714,1429.6683339668602
26.482751999999966,67,G4,1020.3709716796875,0.08647629618644714,1429.6683339668602
26.896544999999964,60,C4,594.7437133789062,0.03264882415533066,5431.019738795842
27.310337999999962,65,F4,1100.422119140625,0.04486647993326187,3933.301771743033
27.310337999999962,69,A4,1100.422119140625,0.04486647993326187,3933.301771743033
27.310337999999962,53,F3,1100.422119140625,0.04486647993326187,3933.301771743033
27.310337999999962,41,F2,1100.422119140625,0.04486647993326187,3933.301771743033
27.72413099999996,60,C4,1163.6302490234375,0.06502317637205124,1624.3400175937124
28.13792399999996,60,C4,919.3751831054688,0.10582612454891205,2188.7866525663485
28.13792399999996,65,F4,919.3751831054688,0.10582612454891205,2188.7866525663485
28.13792399999996,69,A4,919.3751831054688,0.10582612454891205,2188.7866525663485
28.551716999999957,60,C4,917.2445068359375,0.08680539578199387,1953.5720378889155
28.551716999999957,65,F4,917.2445068359375,0.08680539578199387,1953.5720378889155
28.551716999999957,69,A4,917.2445068359375,0.08680539578199387,1953.5720378889155
30.620681999999956,66,F#4,1167.493408203125,0.026553921401500702,1379.2694684729513
30.620681999999956,63,D#4,1167.493408203125,0.026553921401500702,1379.2694684729513
30.620681999999956,71,B4,1167.493408203125,0.026553921401500702,1379.2694684729513
31.448267999999956,70,A#4,464.9174499511719,0.08447697758674622,1878.8209945795393
31.448267999999956,65,F4,464.9174499511719,0.08447697758674622,1878.8209945795393
31.448267999999956,62,D4,464.9174499511719,0.08447697758674622,1878.8209945795393
32.27585399999995,61,C#4,1196.3133544921875,0.08326555043458939,2014.9618828541638
32.27585399999995,64,E4,1196.3133544921875,0.08326555043458939,2014.9618828541638
32.27585399999995,69,A4,1196.3133544921875,0.08326555043458939,2014.9618828541638
33.10343999999995,70,A#4,584.0592041015625,0.08807788044214249,2244.302476660505
33.10343999999995,65,F4,584.0592041015625,0.08807788044214249,2244.302476660505
33.10343999999995,62,D4,584.0592041015625,0.08807788044214249,2244.302476660505
33.931025999999946,71,B4,685.1215209960938,0.0891420990228653,1617.8459653875047
33.931025999999946,66,F#4,685.1215209960938,0.0891420990228653,1617.8459653875047
33.931025999999946,63,D#4,685.1215209960938,0.0891420990228653,1617.8459653875047
34.75861199999994,70,A#4,697.4346923828125,0.10502991825342178,1260.5647862195356
34.75861199999994,65,F4,697.4346923828125,0.10502991825342178,1260.5647862195356
34.75861199999994,62,D4,697.4346923828125,0.10502991825342178,1260.5647862195356
35.58619799999994,69,A4,1154.7525634765625,0.0683169886469841,1955.1647923760722
35.58619799999994,64,E4,1154.7525634765625,0.0683169886469841,1955.1647923760722
35.58619799999994,61,C#4,1154.7525634765625,0.0683169886469841,1955.1647923760722
36.413783999999936,62,D4,822.238037109375,0.07660882920026779,3171.9874463896335
36.413783999999936,65,F4,822.238037109375,0.07660882920026779,3171.9874463896335
36.413783999999936,70,A#4,822.238037109375,0.07660882920026779,3171.9874463896335
37.24136999999993,70,A#4,819.9491577148438,0.02965855970978737,6321.949634545919
37.24136999999993,67,G4,819.9491577148438,0.02965855970978737,6321.949634545919
37.24136999999993,51,D#3,819.9491577148438,0.02965855970978737,6321.949634545919
37.24136999999993,39,D#2,819.9491577148438,0.02965855970978737,6321.949634545919
37.65516299999993,63,D#4,461.9102783203125,0.06837546080350876,2233.1760666129703
38.06895599999993,67,G4,459.2673034667969,0.09545554965734482,2014.4315318034874
38.06895599999993,70,A#4,459.2673034667969,0.09545554965734482,2014.4315318034874
38.06895599999993,75,D#5,459.2673034667969,0.09545554965734482,2014.4315318034874
38.48274899999993,63,D#4,922.5242919921875,0.06625695526599884,2403.4969414076513
38.896541999999926,65,F4,1173.659912109375,0.09577611833810806,2037.8956552944196
38.896541999999926,70,A#4,1173.659912109375,0.09577611833810806,2037.8956552944196
38.896541999999926,50,D3,1173.659912109375,0.09577611833810806,2037.8956552944196
38.896541999999926,38,D2,1173.659912109375,0.09577611833810806,2037.8956552944196
39.310334999999924,62,D4,461.2834167480469,0.09522785991430283,2074.9074187144815
39.72412799999992,65,F4,521.7153930664062,0.08880213648080826,1916.526371946729
39.72412799999992,70,A#4,521.7153930664062,0.08880213648080826,1916.526371946729
40.13792099999992,62,D4,621.9209594726562,0.06672520190477371,1901.9305532693163
40.55171399999992,64,E4,465.33258056640625,0.04880651459097862,1479.6777072038212
40.55171399999992,67,G4,465.33258056640625,0.04880651459097862,1479.6777072038212
40.55171399999992,70,A#4,465.33258056640625,0.04880651459097862,1479.6777072038212
40.55171399999992,49,C#3,465.33258056640625,0.04880651459097862,1479.6777072038212
40.55171399999992,37,C#2,465.33258056640625,0.04880651459097862,1479.6777072038212
40.96550699999992,61,C#4,1175.9869384765625,0.017329109832644463,1160.4530314361266
41.379299999999915,64,E4,620.6935424804688,0.08720143139362335,1268.9252050501427
41.379299999999915,67,G4,620.6935424804688,0.08720143139362335,1268.9252050501427
41.379299999999915,70,A#4,620.6935424804688,0.08720143139362335,1268.9252050501427
41.793092999999914,61,C#4,522.1929931640625,0.12051873654127121,1226.4990025576362
42.20688599999991,63,D#4,620.078369140625,0.10819017887115479,1520.0427672334604
42.20688599999991,65,F4,620.078369140625,0.10819017887115479,1520.0427672334604
42.20688599999991,69,A4,620.078369140625,0.10819017887115479,1520.0427672334604
42.20688599999991,48,C3,620.078369140625,0.10819017887115479,1520.0427672334604
42.20688599999991,36,C2,620.078369140625,0.10819017887115479,1520.0427672334604
42.62067899999991,60,C4,930.2877197265625,0.12174587696790695,1452.1074056939246
43.03447199999991,63,D#4,940.139892578125,0.09569822251796722,1926.9317183560888
43.03447199999991,65,F4,940.139892578125,0.09569822251796722,1926.9317183560888
43.03447199999991,69,A4,940.139892578125,0.09569822251796722,1926.9317183560888
43.862057999999905,60,C4,1149.8037109375,0.10069368034601212,1838.8585440930874
44.2758509999999,63,D#4,1162.5716552734375,0.0892026424407959,1521.9102937808116
44.6896439999999,65,F4,1072.3582763671875,0.07343406230211258,1328.5670311364402
45.1034369999999,65,F4,1107.83447265625,0.089178167283535,1551.231704662337
45.2068852499999,69,A4,1116.4266357421875,0.08312240988016129,1575.3686663182618
45.3103334999999,72,C5,1093.2698974609375,0.08896565437316895,1576.726312002535
45.4137817499999,75,D#5,1097.40576171875,0.08153538405895233,1810.7149175646136
46.7586089999999,62,D4,423.87054443359375,0.0642780214548111,2294.0086297589087
46.7586089999999,58,A#3,423.87054443359375,0.0642780214548111,2294.0086297589087
46.7586089999999,46,A#2,423.87054443359375,0.0642780214548111,2294.0086297589087
46.7586089999999,34,A#1,423.87054443359375,0.0642780214548111,2294.0086297589087
47.1724019999999,53,F3,687.4027709960938,0.08285267651081085,2569.6138360241494
47.5861949999999,58,A#3,1181.775146484375,0.03339959681034088,2063.056480219943
47.999987999999895,62,D4,739.8304443359375,0.07180909067392349,3438.541544318324
48.413780999999894,67,G4,976.5714111328125,0.03358463570475578,2330.8059070786776
48.413780999999894,79,G5,976.5714111328125,0.03358463570475578,2330.8059070786776
48.82757399999989,53,F3,916.5076293945312,0.08730310201644897,1895.0030697907532
49.24136699999989,65,F4,696.116943359375,0.008609901182353497,1501.401995955806
49.24136699999989,77,F5,696.116943359375,0.008609901182353497,1501.401995955806
49.65515999999989,53,F3,544.8551025390625,0.06777353584766388,3114.5171101434294
50.06895299999989,62,D4,870.9281005859375,0.04019151255488396,2287.5821461685327
50.06895299999989,58,A#3,870.9281005859375,0.04019151255488396,2287.5821461685327
50.06895299999989,46,A#2,870.9281005859375,0.04019151255488396,2287.5821461685327
50.06895299999989,34,A#1,870.9281005859375,0.04019151255488396,2287.5821461685327
50.482745999999885,53,F3,1155.0791015625,0.10366617888212204,1562.05441728069
50.89653899999988,58,A#3,1156.842041015625,0.00897255353629589,1683.4930757102275
51.31033199999988,62,D4,986.7699584960938,0.030448250472545624,4929.226123767401
51.72412499999988,67,G4,1120.7261962890625,0.05212022364139557,2701.106758917358
51.72412499999988,79,G5,1120.7261962890625,0.05212022364139557,2701.106758917358
52.13791799999988,53,F3,1018.9470825195312,0.07829809933900833,2190.345746705161
52.55171099999988,65,F4,1038.6290283203125,0.011741777881979942,1878.3157349882963
52.55171099999988,77,F5,1038.6290283203125,0.011741777881979942,1878.3157349882963
52.965503999999875,53,F3,1109.0413818359375,0.03294816613197327,3076.037944279707
53.37929699999987,62,D4,879.6104125976562,0.07447856664657593,2023.8443732361552
53.37929699999987,58,A#3,879.6104125976562,0.07447856664657593,2023.8443732361552
53.37929699999987,46,A#2,879.6104125976562,0.07447856664657593,2023.8443732361552
53.37929699999987,34,A#1,879.6104125976562,0.07447856664657593,2023.8443732361552
53.79308999999987,53,F3,1158.039794921875,0.1131676733493805,2008.7904777539645
54.20688299999987,58,A#3,1155.4801025390625,0.03871086984872818,4823.462108241896
54.62067599999987,62,D4,908.1659545898438,0.06451684236526489,4185.931295719696
54.62067599999987,62,D4,908.1659545898438,0.06451684236526489,4185.931295719696
55.034468999999866,67,G4,935.6889038085938,0.094017393887043,2764.5989349388833
55.034468999999866,79,G5,935.6889038085938,0.094017393887043,2764.5989349388833
55.448261999999865,53,F3,1164.1629638671875,0.06435190886259079,2399.3319658885903
55.86205499999986,65,F4,970.1300659179688,0.05893480405211449,1506.1223091490074
55.86205499999986,77,F5,970.1300659179688,0.05893480405211449,1506.1223091490074
56.27584799999986,53,F3,872.1170654296875,0.060582466423511505,1846.679911047219
56.68964099999986,62,D4,1173.546875,0.050429802387952805,1226.6090119105154
56.68964099999986,58,A#3,1173.546875,0.050429802387952805,1226.6090119105154
56.68964099999986,43,G2,1173.546875,0.050429802387952805,1226.6090119105154
56.68964099999986,31,G1,1173.546875,0.050429802387952805,1226.6090119105154
57.10343399999986,55,G3,1174.2244873046875,0.08771594613790512,1563.9262932880183
57.517226999999856,58,A#3,1174.2568359375,0.02940874546766281,2718.37692814931
57.931019999999855,62,D4,981.4039916992188,0.09587093442678452,2118.273458113918
58.34481299999985,69,A4,1107.0465087890625,0.04480107128620148,4561.945432627103
58.34481299999985,81,A5,1107.0465087890625,0.04480107128620148,4561.945432627103
58.75860599999985,58,A#3,964.8801879882812,0.0862533450126648,2253.425130782991
59.17239899999985,67,G4,910.2789916992188,0.10237336903810501,1982.6080058230536
59.17239899999985,79,G5,910.2789916992188,0.10237336903810501,1982.6080058230536
59.58619199999985,55,G3,1034.917236328125,0.10556335747241974,1999.9675296932387
59.999984999999846,67,G4,876.785400390625,0.1122744008898735,1868.194892808122
59.999984999999846,67,G4,876.785400390625,0.1122744008898735,1868.194892808122
59.999984999999846,63,D#4,876.785400390625,0.1122744008898735,1868.194892808122
59.999984999999846,36,C2,876.785400390625,0.1122744008898735,1868.194892808122
59.999984999999846,48,C3,876.785400390625,0.1122744008898735,1868.194892808122
60.413777999999844,60,C4,690.9796142578125,0.07217840105295181,1927.5921717168903
60.82757099999984,63,D#4,711.8865356445312,0.05618179962038994,1437.1140458703799
61.24136399999984,67,G4,518.486328125,0.045743897557258606,1921.0263353272774
61.65515699999984,74,D5,523.395263671875,0.049717314541339874,1887.3432899026195
61.65515699999984,86,D6,523.395263671875,0.049717314541339874,1887.3432899026195
62.06894999999984,60,C4,521.776123046875,0.09080282598733902,1612.8907560010211
62.482742999999836,72,C5,450.5484924316406,0.10438843071460724,1498.660312495933
62.482742999999836,84,C6,450.5484924316406,0.10438843071460724,1498.660312495933
62.896535999999834,60,C4,622.1345825195312,0.09349704533815384,1516.7029088170832
63.31032899999983,60,C4,1045.82421875,0.012158805504441261,1150.91081741807
63.31032899999983,63,D#4,1045.82421875,0.012158805504441261,1150.91081741807
63.31032899999983,70,A#4,1045.82421875,0.012158805504441261,1150.91081741807
63.31032899999983,48,C3,1045.82421875,0.012158805504441261,1150.91081741807
63.31032899999983,36,C2,1045.82421875,0.012158805504441261,1150.91081741807
63.72412199999983,60,C4,1045.5687255859375,0.00330521073192358,1083.6180571715859
64.13791499999984,63,D#4,915.3317260742188,0.0020679798908531666,976.5910039978473
64.55170799999983,67,G4,233.17489624023438,0.12556575238704681,318.9389104926468
64.96550099999983,69,A4,347.5596008300781,0.13224871456623077,321.53938720873913
64.96550099999983,65,F4,347.5596008300781,0.13224871456623077,321.53938720873913
64.96550099999983,41,F2,347.5596008300781,0.13224871456623077,321.53938720873913
64.96550099999983,53,F3,347.5596008300781,0.13224871456623077,321.53938720873913
65.37929399999983,63,D#4,464.2015380859375,0.1087864488363266,345.941378580228
65.79308699999983,65,F4,1174.0087890625,0.09596753120422363,505.02122435364475
66.20687999999983,72,C5,785.4375,0.09719222784042358,559.3742054993729
66.62067299999983,62,D4,783.8685913085938,0.07730231434106827,456.0141534345443
66.62067299999983,58,A#3,783.8685913085938,0.07730231434106827,456.0141534345443
66.62067299999983,46,A#2,783.8685913085938,0.07730231434106827,456.0141534345443
66.62067299999983,34,A#1,783.8685913085938,0.07730231434106827,456.0141534345443
67.03446599999982,53,F3,698.2383422851562,0.08735839277505875,716.8916770494104
67.44825899999982,58,A#3,698.2861938476562,0.05533405765891075,483.7697193240215
67.86205199999982,62,D4,463.46307373046875,0.12027944624423981,414.5415015421648
68.27584499999982,67,G4,345.9561767578125,0.12530289590358734,366.8098921753944
68.27584499999982,79,G5,345.9561767578125,0.12530289590358734,366.8098921753944
68.68963799999982,53,F3,463.684326171875,0.11351004242897034,540.6077796883714
69.10343099999982,65,F4,174.81781005859375,0.10457584261894226,504.19489891290505
69.10343099999982,77,F5,174.81781005859375,0.10457584261894226,504.19489891290505
69.51722399999981,53,F3,585.2092895507812,0.09247762709856033,493.9917268342765
69.93101699999981,62,D4,783.7365112304688,0.07530015707015991,385.61820024901346
69.93101699999981,58,A#3,783.7365112304688,0.07530015707015991,385.61820024901346
69.93101699999981,43,G2,783.7365112304688,0.07530015707015991,385.61820024901346
69.93101699999981,31,G1,783.7365112304688,0.07530015707015991,385.61820024901346
70.34480999999981,55,G3,697.2453002929688,0.06533007323741913,379.05284454256787
70.75860299999981,58,A#3,699.4138793945312,0.06018915772438049,454.72055366566514
71.17239599999981,62,D4,697.4957275390625,0.04850832745432854,438.9774785237487
71.5861889999998,69,A4,233.95384216308594,0.1169128492474556,303.2834021495991
71.5861889999998,81,A5,233.95384216308594,0.1169128492474556,303.2834021495991
71.9999819999998,55,G3,347.48968505859375,0.11766386032104492,257.2393359101939
72.4137749999998,67,G4,174.57347106933594,0.10137955099344254,300.20016032310065
72.4137749999998,79,G5,174.57347106933594,0.10137955099344254,300.20016032310065
72.8275679999998,55,G3,585.7494506835938,0.09332818537950516,350.2263037032722
73.2413609999998,63,D#4,784.6376342773438,0.08073842525482178,329.12218328265845
73.2413609999998,60,C4,784.6376342773438,0.08073842525482178,329.12218328265845
73.2413609999998,36,C2,784.6376342773438,0.08073842525482178,329.12218328265845
73.2413609999998,48,C3,784.6376342773438,0.08073842525482178,329.12218328265845
73.6551539999998,60,C4,697.297119140625,0.0700548067688942,386.11077985239285
74.0689469999998,63,D#4,698.415283203125,0.06074348837137222,513.6126594466108
74.4827399999998,67,G4,697.8041381835938,0.04937922954559326,463.14386702442494
74.89653299999979,63,D#4,195.5461883544922,0.12037129700183868,320.30907572812976
74.89653299999979,59,B3,195.5461883544922,0.12037129700183868,320.30907572812976
74.89653299999979,47,B2,195.5461883544922,0.12037129700183868,320.30907572812976
74.89653299999979,35,B1,195.5461883544922,0.12037129700183868,320.30907572812976
75.31032599999979,67,G4,97.517333984375,0.1230502799153328,279.31480078500664
75.72411899999979,63,D#4,97.4734115600586,0.12103558331727982,284.50870270452816
75.72411899999979,58,A#3,97.4734115600586,0.12103558331727982,284.50870270452816
75.72411899999979,46,A#2,97.4734115600586,0.12103558331727982,284.50870270452816
75.72411899999979,34,A#1,97.4734115600586,0.12103558331727982,284.50870270452816
76.13791199999979,67,G4,586.0706176757812,0.1196008250117302,373.5122149692728
76.55170499999979,63,D#4,879.5082397460938,0.10158941149711609,448.5504220244459
76.55170499999979,57,A3,879.5082397460938,0.10158941149711609,448.5504220244459
76.55170499999979,45,A2,879.5082397460938,0.10158941149711609,448.5504220244459
76.55170499999979,33,A1,879.5082397460938,0.10158941149711609,448.5504220244459
76.96549799999978,57,A3,194.94053649902344,0.07477549463510513,361.71438050292375
77.37929099999978,63,D#4,783.7740478515625,0.06194111332297325,390.2630408721509
77.79308399999978,67,G4,783.1388549804688,0.048481691628694534,453.68331302079133
78.20687699999978,63,D#4,260.953369140625,0.13646064698696136,306.905687441392
78.20687699999978,56,G#3,260.953369140625,0.13646064698696136,306.905687441392
78.20687699999978,44,G#2,260.953369140625,0.13646064698696136,306.905687441392
78.20687699999978,32,G#1,260.953369140625,0.13646064698696136,306.905687441392
78.62066999999978,67,G4,260.8634033203125,0.14255556464195251,276.18592984019637
79.03446299999977,63,D#4,260.900390625,0.13698935508728027,289.40468261446586
79.03446299999977,55,G3,260.900390625,0.13698935508728027,289.40468261446586
79.03446299999977,43,G2,260.900390625,0.13698935508728027,289.40468261446586
79.03446299999977,31,G1,260.900390625,0.13698935508728027,289.40468261446586
79.44825599999977,67,G4,390.95623779296875,0.123400017619133,337.0577183963152
79.86204899999977,67,G4,1174.8795166015625,0.10748840123414993,471.0215010821967
79.86204899999977,70,A#4,1174.8795166015625,0.10748840123414993,471.0215010821967
79.86204899999977,51,D#3,1174.8795166015625,0.10748840123414993,471.0215010821967
79.86204899999977,39,D#2,1174.8795166015625,0.10748840123414993,471.0215010821967
80.27584199999977,63,D#4,523.0556030273438,0.08720040321350098,383.38067683959065
80.68963499999977,67,G4,1045.694091796875,0.07603084295988083,549.8959810911242
80.68963499999977,70,A#4,1045.694091796875,0.07603084295988083,549.8959810911242
80.68963499999977,75,D#5,1045.694091796875,0.07603084295988083,549.8959810911242
81.10342799999977,63,D#4,784.7808227539062,0.05968271940946579,428.43668561739
81.51722099999976,67,G4,260.61822509765625,0.13492442667484283,290.40350344092593
81.51722099999976,70,A#4,260.61822509765625,0.13492442667484283,290.40350344092593
81.93101399999976,63,D#4,523.1708374023438,0.13914117217063904,366.6971834841605
82.34480699999976,62,D4,621.0227661132812,0.13603083789348602,362.6379760185196
82.34480699999976,65,F4,621.0227661132812,0.13603083789348602,362.6379760185196
82.34480699999976,50,D3,621.0227661132812,0.13603083789348602,362.6379760185196
82.34480699999976,38,D2,621.0227661132812,0.13603083789348602,362.6379760185196
82.75859999999976,70,A#4,390.5291748046875,0.12877793610095978,387.2397572675328
83.17239299999976,67,G4,697.2589721679688,0.11487647891044617,439.39384928040596
83.17239299999976,63,D#4,697.2589721679688,0.11487647891044617,439.39384928040596
83.17239299999976,48,C3,697.2589721679688,0.11487647891044617,439.39384928040596
83.17239299999976,36,C2,697.2589721679688,0.11487647891044617,439.39384928040596
83.58618599999976,60,C4,621.3818359375,0.10424378514289856,425.2097437244057
83.99997899999975,63,D#4,439.6709289550781,0.08345583081245422,522.1164086582871
84.41377199999975,67,G4,522.6884765625,0.06436502933502197,605.7995931693932
84.82756499999975,74,D5,464.17852783203125,0.11686878651380539,533.7984731256547
85.24135799999975,60,C4,696.9029541015625,0.12379743158817291,415.207469515967
85.65515099999975,72,C5,464.18115234375,0.10904377698898315,424.6621139358573
86.06894399999975,60,C4,1174.0543212890625,0.10264145582914352,563.3913441325401
86.48273699999974,65,F4,785.6761474609375,0.09318923950195312,486.01320569788265
86.48273699999974,68,G#4,785.6761474609375,0.09318923950195312,486.01320569788265
86.89652999999974,65,F4,697.4595336914062,0.07615337520837784,486.8467454136266
87.31032299999974,65,F4,698.6582641601562,0.09422378987073898,696.6511746493757
87.31032299999974,68,G#4,698.6582641601562,0.09422378987073898,696.6511746493757
87.72411599999974,68,G#4,697.6951293945312,0.05452762916684151,551.0848719620782
87.72411599999974,64,E4,697.6951293945312,0.05452762916684151,551.0848719620782
88.13790899999974,68,G#4,1171.609619140625,0.14326490461826324,568.2393608922059
88.13790899999974,63,D#4,1171.609619140625,0.14326490461826324,568.2393608922059
88.55170199999974,63,D#4,586.1455688476562,0.12277914583683014,431.2309980298261
88.96549499999973,62,D4,464.30963134765625,0.12361207604408264,414.1332364555815
88.96549499999973,68,G#4,464.30963134765625,0.12361207604408264,414.1332364555815
89.37928799999973,62,D4,1174.3004150390625,0.12132927030324936,520.6572641752052
89.79308099999973,62,D4,882.763427734375,0.11616002768278122,798.7618999030718
89.79308099999973,58,A#3,882.763427734375,0.11616002768278122,798.7618999030718
90.62066699999973,62,D4,1175.9990234375,0.07629047334194183,788.5178803434203
90.62066699999973,65,F4,1175.9990234375,0.07629047334194183,788.5178803434203
91.44825299999972,62,D4,1175.9937744140625,0.11007777601480484,847.8881800751954
91.44825299999972,67,G4,1175.9937744140625,0.11007777601480484,847.8881800751954
92.27583899999972,62,D4,195.35707092285156,0.14371944963932037,452.7915660941082
92.27583899999972,68,G#4,195.35707092285156,0.14371944963932037,452.7915660941082
93.10342499999972,70,A#4,1175.6927490234375,0.05016002804040909,956.1878823164906
93.10342499999972,67,G4,1175.6927490234375,0.05016002804040909,956.1878823164906
93.51721799999972,63,D#4,493.9931640625,0.1378782093524933,470.21032595847555
93.93101099999971,67,G4,1176.1474609375,0.057074520736932755,818.2579481938637
93.93101099999971,70,A#4,1176.1474609375,0.057074520736932755,818.2579481938637
93.93101099999971,75,D#5,1176.1474609375,0.057074520736932755,818.2579481938637
94.34480399999971,63,D#4,930.9570922851562,0.10941887646913528,553.1715195598366
94.75859699999971,65,F4,1175.9844970703125,0.045422639697790146,794.5237947207314
94.75859699999971,70,A#4,1175.9844970703125,0.045422639697790146,794.5237947207314
95.17238999999971,62,D4,784.4684448242188,0.12451773136854172,3331.355454308576
95.5861829999997,65,F4,346.06072998046875,0.12227682769298553,2711.7734266644948
95.5861829999997,70,A#4,346.06072998046875,0.12227682769298553,2711.7734266644948
95.9999759999997,62,D4,621.5475463867188,0.10977042466402054,2409.350884571501
96.4137689999997,63,D#4,1175.7952880859375,0.0553629994392395,3412.5400117947374
96.4137689999997,67,G4,1175.7952880859375,0.0553629994392395,3412.5400117947374
96.8275619999997,60,C4,783.7986450195312,0.1302124708890915,2703.214190792201
97.2413549999997,63,D#4,1175.7017822265625,0.043555740267038345,4471.185685583414
97.2413549999997,67,G4,1175.7017822265625,0.043555740267038345,4471.185685583414
97.6551479999997,60,C4,783.4432983398438,0.1193772479891777,3415.225775962854
98.0689409999997,59,B3,1176.0635986328125,0.07295785844326019,4768.140208588776
98.0689409999997,56,G#3,1176.0635986328125,0.07295785844326019,4768.140208588776
98.0689409999997,63,D#4,1176.0635986328125,0.07295785844326019,4768.140208588776
99.72411299999969,70,A#4,390.7317199707031,0.08920156210660934,2062.4088706765797
99.72411299999969,67,G4,390.7317199707031,0.08920156210660934,2062.4088706765797
100.13790599999969,63,D#4,390.74224853515625,0.08100587874650955,1641.3493647010775
100.55169899999969,67,G4,620.5963134765625,0.06200377643108368,1408.976709504818
100.96549199999968,70,A#4,697.119384765625,0.14716361463069916,1476.3843188603473
101.37928499999968,72,C5,464.86761474609375,0.137338325381279,1070.466702435776
101.37928499999968,68,G#4,464.86761474609375,0.137338325381279,1070.466702435776
101.79307799999968,75,D#5,621.1683959960938,0.13310395181179047,1424.5958434464887
102.20687099999968,70,A#4,523.0225830078125,0.1353633999824524,1073.7527354905355
102.20687099999968,67,G4,523.0225830078125,0.1353633999824524,1073.7527354905355
102.62066399999968,75,D#5,265.8485107421875,0.13077999651432037,1874.2164355175612
103.03445699999968,69,A4,391.0030822753906,0.12232153117656708,1225.5251113961026
103.03445699999968,66,F#4,391.0030822753906,0.12232153117656708,1225.5251113961026
103.44824999999967,75,D#5,1174.5164794921875,0.11341699957847595,1604.9714206312924
103.86204299999967,68,G#4,523.2479858398438,0.0915757343173027,1479.7347449790032
103.86204299999967,65,F4,523.2479858398438,0.0915757343173027,1479.7347449790032
104.27583599999967,75,D#5,1045.516845703125,0.07903054356575012,2946.67054655002
104.68962899999967,62,D4,784.432861328125,0.060740288347005844,2437.4972413784512
104.68962899999967,58,A#3,784.432861328125,0.060740288347005844,2437.4972413784512
105.10342199999967,53,F3,784.726806640625,0.1597440093755722,1905.7865105956666
105.51721499999967,58,A#3,697.24560546875,0.1385342925786972,2101.027076215181
105.93100799999966,62,D4,698.5614624023438,0.12112605571746826,2902.7304646773664
106.34480099999966,67,G4,1154.710205078125,0.1395803987979889,1488.6828129305884
106.75859399999966,53,F3,1164.720703125,0.157363161444664,2808.4087645297213
107.17238699999966,65,F4,414.2991027832031,0.1439506560564041,3165.199507880165
107.58617999999966,53,F3,1173.957275390625,0.15847350656986237,2538.9969254804237
107.99997299999966,62,D4,586.12646484375,0.13339105248451233,1981.1901068050079
107.99997299999966,58,A#3,586.12646484375,0.13339105248451233,1981.1901068050079
108.41376599999965,53,F3,880.1926879882812,0.2014440894126892,1747.6892522006513
108.82755899999965,58,A#3,697.076171875,0.14584390819072723,1457.6465424975956
109.24135199999965,62,D4,1171.6209716796875,0.15923519432544708,2700.8555852726786
109.65514499999965,67,G4,585.0963745117188,0.16415287554264069,1275.6207013350852
110.06893799999965,53,F3,585.8119506835938,0.25056925415992737,1571.7320748869379
110.48273099999965,65,F4,750.45947265625,0.20282091200351715,2690.7943031629857
110.89652399999964,53,F3,1170.95654296875,0.196231409907341,2479.8763359355594
111.31031699999964,62,D4,348.2860107421875,0.2704249620437622,2648.3781262841594
111.31031699999964,58,A#3,348.2860107421875,0.2704249620437622,2648.3781262841594
111.72410999999964,53,F3,392.6109924316406,0.24081946909427643,1712.577395075534
112.13790299999964,58,A#3,610.7433471679688,0.1404312551021576,3005.6577748215545
112.55169599999964,62,D4,634.9910888671875,0.15370428562164307,2968.5747972949625
112.96548899999964,67,G4,622.011474609375,0.10881452262401581,2318.8439255416706
113.37928199999963,53,F3,1088.7672119140625,0.05356115847826004,2452.9196771348493
113.79307499999963,65,F4,348.0556945800781,0.1412409245967865,1115.5035653178145
114.20686799999963,53,F3,585.9104614257812,0.13484840095043182,865.1000665497745
114.62066099999963,62,D4,697.2900390625,0.13126792013645172,1408.6503294825925
114.62066099999963,58,A#3,697.2900390625,0.13126792013645172,1408.6503294825925
115.03445399999963,55,G3,697.2621459960938,0.08713382482528687,1087.602666155954
115.44824699999963,58,A#3,390.4153747558594,0.13310188055038452,2540.355973097877
115.86203999999962,62,D4,522.6624145507812,0.13771355152130127,2015.5870582566456
116.27583299999962,69,A4,521.7183227539062,0.12825830280780792,1792.5064674410312
116.68962599999962,55,G3,522.5838012695312,0.10966643691062927,1562.9288759723322
117.10341899999962,67,G4,414.1564025878906,0.11675184220075607,1493.3931901961582
117.51721199999962,55,G3,311.2157287597656,0.09766484797000885,1428.7392799427262
117.93100499999962,67,G4,310.96337890625,0.07648345082998276,1431.9593856078468
117.93100499999962,63,D#4,310.96337890625,0.07648345082998276,1431.9593856078468
118.34479799999961,60,C4,264.5870056152344,0.05512171983718872,1344.4184132685173
118.75859099999961,63,D#4,390.6671447753906,0.11325620114803314,790.759649586679
119.17238399999961,67,G4,311.0850524902344,0.09718357026576996,798.050677742412
119.58617699999961,74,D5,390.8090515136719,0.08438900113105774,674.2443508290867
119.9999699999996,60,C4,464.3517761230469,0.06899847090244293,762.4954448789681
120.4137629999996,72,C5,521.8734130859375,0.05714309588074684,740.7108593775787
120.8275559999996,60,C4,621.8372802734375,0.046462949365377426,577.5564911209003
121.2413489999996,60,C4,464.4278259277344,0.03994641825556755,620.8512182415452
121.2413489999996,63,D#4,464.4278259277344,0.03994641825556755,620.8512182415452
121.2413489999996,70,A#4,464.4278259277344,0.03994641825556755,620.8512182415452
121.6551419999996,60,C4,622.0259399414062,0.033524561673402786,567.9333152389951
122.0689349999996,63,D#4,738.345458984375,0.030496742576360703,602.4489177803481
122.4827279999996,67,G4,621.9810180664062,0.026876939460635185,590.6829159443097
122.8965209999996,69,A4,697.245361328125,0.023248931393027306,584.4641656409641
122.8965209999996,65,F4,697.245361328125,0.023248931393027306,584.4641656409641
123.3103139999996,63,D#4,697.2604370117188,0.017812490463256836,569.7910424197793
123.72410699999959,65,F4,233.3179473876953,0.12535090744495392,260.90079706276225
124.13789999999959,72,C5,347.4979553222656,0.12408114224672318,277.28437557624807
124.55169299999959,62,D4,233.84307861328125,0.105791836977005,295.4845530313763
124.55169299999959,58,A#3,233.84307861328125,0.105791836977005,295.4845530313763
124.96548599999959,53,F3,585.6564331054688,0.09000036120414734,383.4909772389862
125.37927899999958,58,A#3,784.5310668945312,0.08411815762519836,432.79273947071397
125.79307199999958,62,D4,784.2114868164062,0.06874893605709076,401.95538026373407
126.20686499999958,67,G4,698.6276245117188,0.06201603263616562,516.3953306615151
126.62065799999958,53,F3,697.99658203125,0.05190151929855347,477.4445024007601
127.03445099999958,65,F4,463.97052001953125,0.12437775731086731,402.31492053677533
127.44824399999958,53,F3,233.98214721679688,0.11833987385034561,304.28657759413255
127.86203699999957,62,D4,464.04254150390625,0.10286657512187958,397.7537353333616
127.86203699999957,58,A#3,464.04254150390625,0.10286657512187958,397.7537353333616
128.2758299999996,55,G3,586.2999877929688,0.10032845288515091,458.4954805800625
128.6896229999996,58,A#3,783.0886840820312,0.09098927676677704,559.9976491747176
129.10341599999964,62,D4,784.3486938476562,0.07407189160585403,504.4066301405073
129.51720899999967,69,A4,698.5679321289062,0.07858971506357193,669.9549200376439
129.9310019999997,55,G3,698.6838989257812,0.06353141367435455,590.1385688230708
130.34479499999972,67,G4,233.1029815673828,0.14901509881019592,1963.7725360373684
130.75858799999975,55,G3,347.522705078125,0.1296541392803192,2424.3642678898377
131.17238099999977,60,C4,465.3158264160156,0.1516432762145996,3569.702383667649
131.17238099999977,63,D#4,465.3158264160156,0.1516432762145996,3569.702383667649
131.5861739999998,60,C4,880.5709228515625,0.10397623479366302,1837.0438426621083
131.99996699999983,63,D#4,783.7168579101562,0.18718315660953522,1409.6183726559805
132.41375999999985,67,G4,347.5987548828125,0.16660070419311523,1065.7666697525965
132.82755299999988,63,D#4,698.874267578125,0.1835208237171173,3585.509664961847
132.82755299999988,59,B3,698.874267578125,0.1835208237171173,3585.509664961847
133.2413459999999,67,G4,347.8880615234375,0.06076881289482117,2040.985368350918
133.65513899999993,63,D#4,160.45762634277344,0.22681543231010437,1252.1290617575182
133.65513899999993,58,A#3,160.45762634277344,0.22681543231010437,1252.1290617575182
134.06893199999996,67,G4,124.0519790649414,0.18371279537677765,985.3107067834947
134.482725,63,D#4,385.4148864746094,0.17223717272281647,2159.486697651338
134.482725,57,A3,385.4148864746094,0.17223717272281647,2159.486697651338
134.89651800000001,57,A3,585.67822265625,0.12431612610816956,1582.5798951234706
135.31031100000004,63,D#4,885.8093872070312,0.2508295476436615,1405.3603575385744
135.72410400000007,67,G4,880.6143188476562,0.10590393096208572,1549.2128235283026
136.1378970000001,63,D#4,97.5870132446289,0.10716143250465393,1743.0371575202566
136.1378970000001,56,G#3,97.5870132446289,0.10716143250465393,1743.0371575202566
136.55169000000012,67,G4,784.3598022460938,0.06046895310282707,1871.5694308990335
136.96548300000015,63,D#4,785.3743286132812,0.05356157198548317,1529.2195701108176
136.96548300000015,55,G3,785.3743286132812,0.05356157198548317,1529.2195701108176
137.37927600000017,67,G4,195.58218383789062,0.13699562847614288,785.8608843518712
137.7930690000002,67,G4,195.7040557861328,0.14450465142726898,833.559828675224
137.7930690000002,70,A#4,195.7040557861328,0.14450465142726898,833.559828675224
138.20686200000023,63,D#4,196.78604125976562,0.13352341949939728,1413.6286909338442
138.62065500000026,67,G4,390.7558288574219,0.12259101122617722,1240.3546343688936
138.62065500000026,70,A#4,390.7558288574219,0.12259101122617722,1240.3546343688936
138.62065500000026,75,D#5,390.7558288574219,0.12259101122617722,1240.3546343688936
139.03444800000028,63,D#4,130.34552001953125,0.10311906039714813,1095.8516905425627
139.4482410000003,67,G4,522.8823852539062,0.08557829260826111,813.9178434590544
139.4482410000003,70,A#4,522.8823852539062,0.08557829260826111,813.9178434590544
139.86203400000034,63,D#4,1045.5357666015625,0.07042567431926727,2059.0406697098433
140.27582700000036,65,F4,522.8021240234375,0.058189377188682556,1763.3112385968286
140.27582700000036,62,D4,522.8021240234375,0.058189377188682556,1763.3112385968286
140.6896200000004,70,A#4,260.82281494140625,0.13962645828723907,1838.9385389473778
141.10341300000042,67,G4,522.7139892578125,0.14467406272888184,1429.8057551782472
141.10341300000042,63,D#4,522.7139892578125,0.14467406272888184,1429.8057551782472
141.51720600000044,60,C4,196.56613159179688,0.13806255161762238,1658.797224165021
141.93099900000047,63,D#4,390.9737243652344,0.12839174270629883,1240.4349295942081
142.3447920000005,67,G4,697.2937622070312,0.1152835413813591,1359.4882024049853
142.75858500000052,74,D5,620.9239501953125,0.10625800490379333,1209.5988816716294
143.17237800000055,60,C4,439.188232421875,0.08314408361911774,2197.3204142208897
143.58617100000058,72,C5,521.8630981445312,0.06352289021015167,1857.4015893562469
143.9999640000006,60,C4,464.61724853515625,0.1191624328494072,1919.1607834594734
144.41375700000063,65,F4,697.7570190429688,0.12690898776054382,1667.0216267341336
144.41375700000063,68,G#4,697.7570190429688,0.12690898776054382,1667.0216267341336
144.82755000000066,65,F4,348.85723876953125,0.11601410061120987,1968.337648447412
145.24134300000068,65,F4,585.9268188476562,0.10330372303724289,1422.6691757225851
145.24134300000068,68,G#4,585.9268188476562,0.10330372303724289,1422.6691757225851
145.6551360000007,64,E4,783.4632568359375,0.09737718850374222,1327.0778062538056
145.6551360000007,68,G#4,783.4632568359375,0.09737718850374222,1327.0778062538056
146.06892900000074,68,G#4,784.478759765625,0.07854146510362625,1171.1718432761736
146.06892900000074,63,D#4,784.478759765625,0.07854146510362625,1171.1718432761736
146.48272200000076,63,D#4,699.4696655273438,0.08687274158000946,2185.8411719240466
146.8965150000008,62,D4,697.3910522460938,0.05436152592301369,1710.639121845022
146.8965150000008,68,G#4,697.3910522460938,0.05436152592301369,1710.639121845022
147.31030800000082,62,D4,1172.2618408203125,0.175212100148201,2029.7790899726676
147.72410100000084,62,D4,585.9122924804688,0.14957986772060394,2093.5511059809487
147.72410100000084,58,A#3,585.9122924804688,0.14957986772060394,2093.5511059809487
148.34479050000084,62,D4,194.43801879882812,0.12892666459083557,1792.4824034512508
148.34479050000084,65,F4,194.43801879882812,0.12892666459083557,1792.4824034512508
148.55168700000087,62,D4,1173.9100341796875,0.1242949441075325,1609.2356489525564
148.55168700000087,65,F4,1173.9100341796875,0.1242949441075325,1609.2356489525564
149.1723765000009,62,D4,878.9630126953125,0.09892487525939941,1314.544874284373
149.1723765000009,67,G4,878.9630126953125,0.09892487525939941,1314.544874284373
149.37927300000092,62,D4,878.2686767578125,0.0655401349067688,1719.62068037419
149.37927300000092,67,G4,878.2686767578125,0.0655401349067688,1719.62068037419
149.99996250000095,62,D4,390.66619873046875,0.06352315843105316,2012.3337737192783
149.99996250000095,68,G#4,390.66619873046875,0.06352315843105316,2012.3337737192783
150.20685900000097,68,G#4,783.8648071289062,0.05717303976416588,2290.6611232052423
150.20685900000097,62,D4,783.8648071289062,0.05717303976416588,2290.6611232052423
151.034445000001,70,A#4,522.3555297851562,0.15886631608009338,2316.8749149175314
151.034445000001,67,G4,522.3555297851562,0.15886631608009338,2316.8749149175314
151.44823800000103,63,D#4,621.4719848632812,0.16263321042060852,3177.938042066333
151.86203100000105,70,A#4,390.4750671386719,0.15712207555770874,1782.4005083428965
151.86203100000105,67,G4,390.4750671386719,0.15712207555770874,1782.4005083428965
151.86203100000105,75,D#5,390.4750671386719,0.15712207555770874,1782.4005083428965
152.27582400000108,65,F4,620.0244750976562,0.2368806004524231,1502.4710593351924
152.4827205000011,63,D#4,741.0634765625,0.13717859983444214,2473.0715653886127
152.68961700000114,65,F4,390.5832824707031,0.19333016872406006,1936.4472869228844
152.68961700000114,70,A#4,390.5832824707031,0.19333016872406006,1936.4472869228844
153.10341000000116,62,D4,928.2766723632812,0.20162458717823029,3130.912167438638
153.5172030000012,65,F4,1173.7763671875,0.13161836564540863,1795.9679883709393
153.5172030000012,70,A#4,1173.7763671875,0.13161836564540863,1795.9679883709393
153.93099600000122,67,G4,698.2359008789062,0.24334463477134705,1717.4168556081863
154.34478900000124,67,G4,552.3756713867188,0.19813276827335358,2448.674846824548
154.34478900000124,72,C5,552.3756713867188,0.19813276827335358,2448.674846824548
154.34478900000124,63,D#4,552.3756713867188,0.19813276827335358,2448.674846824548
154.75858200000127,60,C4,604.5431518554688,0.21977150440216064,2339.005787452317
155.1723750000013,63,D#4,620.1875610351562,0.20141242444515228,1617.1732939541848
155.58616800000132,67,G4,581.860107421875,0.20191818475723267,1352.126441767172
155.99996100000135,72,C5,1043.8302001953125,0.18187938630580902,3172.8122407815254
156.41375400000138,74,D5,389.3531494140625,0.18907968699932098,3338.017416102987
156.6206505000014,75,D#5,793.513427734375,0.15872305631637573,2045.3363698468606
156.82754700000143,72,C5,788.6424560546875,0.15902690589427948,1838.871843630105
157.24134000000146,74,D5,1176.733154296875,0.12504735589027405,1522.4926529304964
157.44823650000149,75,D#5,930.5529174804688,0.17487414181232452,2680.961983017458
157.6551330000015,77,F5,625.77734375,0.1714005172252655,2971.5272645743134
157.6551330000015,72,C5,625.77734375,0.1714005172252655,2971.5272645743134
157.6551330000015,68,G#4,625.77734375,0.1714005172252655,2971.5272645743134
157.6551330000015,65,F4,625.77734375,0.1714005172252655,2971.5272645743134
158.06892600000154,65,F4,629.8491821289062,0.18448957800865173,2475.2399925100717
158.48271900000157,65,F4,626.0299682617188,0.18682049214839935,1722.609947642517
158.48271900000157,68,G#4,626.0299682617188,0.18682049214839935,1722.609947642517
159.31030500000156,77,F5,639.9992065429688,0.1700611263513565,1364.948538425501
159.5172015000016,79,G5,626.8966674804688,0.16837139427661896,1232.4277532094695
159.72409800000162,80,G#5,631.5179443359375,0.15262405574321747,1262.8619191323746
159.93099450000165,82,A#5,1033.8980712890625,0.19980324804782867,2315.7726437377123
160.13789100000167,84,C6,734.016357421875,0.19123002886772156,1639.4305253371854
160.96547700000167,82,A#5,617.2149047851562,0.19883599877357483,1879.2635133409449
161.1723735000017,80,G#5,785.9003295898438,0.17723709344863892,1780.5861390855762
161.37927000000172,79,G5,786.4522094726562,0.20760118961334229,1374.1639907961057
161.48271825000174,80,G#5,522.6828002929688,0.2099248617887497,1503.4575154867011
161.58616650000175,79,G5,622.7820434570312,0.22515064477920532,3104.3148390190354
161.68961475000177,80,G#5,620.2496337890625,0.20708180963993073,1892.3171964500652
161.79306300000178,79,G5,461.615966796875,0.20114971697330475,1664.9566509373105
161.8965112500018,77,F5,388.298828125,0.21404841542243958,1405.2850144132663
161.9999595000018,79,G5,784.5337524414062,0.21303334832191467,1492.024378216489
162.10340775000182,77,F5,524.2509765625,0.19273632764816284,1282.0411578229198
162.20685600000184,75,D#5,389.9198913574219,0.23593339323997498,1062.5697095729008
162.31030425000185,74,D5,388.1207580566406,0.23075653612613678,1073.2296250780494
162.41375250000186,75,D#5,1174.8223876953125,0.27156609296798706,1167.432111703234
162.51720075000188,74,D5,1174.9268798828125,0.21415531635284424,1431.5883384049112
162.6206490000019,75,D#5,1176.2938232421875,0.20258355140686035,1281.9083462675567
162.7240972500019,74,D5,1174.076904296875,0.20141492784023285,1087.6912374401504
162.82754550000192,72,C5,385.2061767578125,0.24747999012470245,1064.6211170346594
163.03444200000195,74,D5,523.217041015625,0.17485223710536957,1303.2155504933282
163.13789025000196,72,C5,787.9642333984375,0.17670637369155884,1138.0554393730206
163.24133850000197,70,A#4,1046.482421875,0.2285618782043457,3113.0822818001197
164.27582100000197,70,A#4,787.8201904296875,0.1987675130367279,2685.497103642479
164.482717500002,72,C5,698.8163452148438,0.15036500990390778,3066.9595700058453
164.68961400000202,74,D5,697.304931640625,0.13413092494010925,3106.334043985761
164.89651050000205,75,D#5,689.4834594726562,0.15222394466400146,3440.7859705343376
164.99995875000207,77,F5,417.1174621582031,0.1900385171175003,2791.885055881219
165.2068552500021,79,G5,418.5511474609375,0.23134861886501312,2248.506274132762
165.3103035000021,80,G#5,916.9566040039062,0.20221085846424103,2272.862708686697
165.41375175000212,82,A#5,987.8056030273438,0.19700516760349274,2086.615522062617
166.03444125000212,70,A#4,932.8483276367188,0.1756865233182907,3442.839896573044
166.24133775000215,72,C5,622.1307373046875,0.17274728417396545,3247.7893429208443
166.44823425000217,74,D5,621.8866577148438,0.18679597973823547,2674.746662551433
166.5516825000022,75,D#5,1087.7874755859375,0.14191417396068573,2532.98241832243
166.6551307500022,77,F5,1176.3355712890625,0.21950586140155792,2478.211941384955
166.75857900000221,79,G5,1174.89794921875,0.18172001838684082,2596.327531224935
166.86202725000223,80,G#5,1177.800537109375,0.17323395609855652,2681.0728438104206
166.96547550000224,82,A#5,584.7464599609375,0.1768598109483719,2556.3461066445
167.06892375000226,84,C6,586.2276000976562,0.18785105645656586,2568.1868646852295
168.41375100000226,74,D5,1173.27783203125,0.20534370839595795,2358.3586201922103
168.6206475000023,75,D#5,936.7307739257812,0.19054268300533295,2180.370369409733
168.82754400000232,72,C5,348.5179748535156,0.2744418978691101,2102.9190087266284
169.24133700000235,74,D5,697.4033203125,0.26504355669021606,1310.1494949637395
169.44823350000237,75,D#5,697.69140625,0.2684227526187897,1194.2600013048043
169.6551300000024,72,C5,695.8840942382812,0.21265913546085358,1283.9705417605257
170.06892300000243,74,D5,1173.026611328125,0.22007282078266144,1303.5400914390002
170.27581950000246,75,D#5,698.1056518554688,0.27046096324920654,1228.6362517140371
170.48271600000248,77,F5,585.7738037109375,0.30361098051071167,1303.7771579249375
170.48271600000248,68,G#4,585.7738037109375,0.30361098051071167,1303.7771579249375
170.48271600000248,65,F4,585.7738037109375,0.30361098051071167,1303.7771579249375
170.8965090000025,65,F4,1169.140380859375,0.2488715648651123,2685.16450635031
171.31030200000254,65,F4,614.3948974609375,0.2287508249282837,2768.448080643288
171.31030200000254,68,G#4,614.3948974609375,0.2287508249282837,2768.448080643288
171.72409500000256,65,F4,636.1163330078125,0.25916245579719543,2738.0749962993223
171.9309915000026,67,G4,1174.1519775390625,0.25271663069725037,1905.1731041795388
172.13788800000262,68,G#4,1174.414794921875,0.23726695775985718,2040.7096056616601
172.13788800000262,63,D#4,1174.414794921875,0.23726695775985718,2040.7096056616601
172.55168100000265,63,D#4,738.1397705078125,0.2672562599182129,1888.5355408852006
172.96547400000267,68,G#4,699.3264770507812,0.24963894486427307,1637.7701556399165
172.96547400000267,65,F4,699.3264770507812,0.24963894486427307,1637.7701556399165
172.96547400000267,77,F5,699.3264770507812,0.24963894486427307,1637.7701556399165
173.3792670000027,62,D4,932.3848266601562,0.2610236704349518,2771.522345591914
173.79306000000273,65,F4,457.6669006347656,0.26453012228012085,1768.8377187217554
173.79306000000273,68,G#4,457.6669006347656,0.26453012228012085,1768.8377187217554
174.20685300000275,61,C#4,614.7144165039062,0.2703230082988739,1828.5833124308592
174.41374950000278,65,F4,785.8457641601562,0.2238284945487976,2491.070949491796
174.41374950000278,68,G#4,785.8457641601562,0.2238284945487976,2491.070949491796
174.41374950000278,73,C#5,785.8457641601562,0.2238284945487976,2491.070949491796
174.6206460000028,65,F4,519.0238037109375,0.23313909769058228,2336.7076200328124
174.6206460000028,68,G#4,519.0238037109375,0.23313909769058228,2336.7076200328124
174.6206460000028,73,C#5,519.0238037109375,0.23313909769058228,2336.7076200328124
174.82754250000283,73,C#5,783.4349365234375,0.22872501611709595,2220.89162658885
174.82754250000283,61,C#4,783.4349365234375,0.22872501611709595,2220.89162658885
175.13788725000285,73,C#5,933.6098022460938,0.20926344394683838,2589.0877459471258
175.13788725000285,61,C#4,933.6098022460938,0.20926344394683838,2589.0877459471258
175.44823200000286,73,C#5,1182.4840087890625,0.2263340801000595,1938.7744248942854
175.44823200000286,61,C#4,1182.4840087890625,0.2263340801000595,1938.7744248942854
175.6551285000029,61,C#4,1183.645263671875,0.22113071382045746,1693.1052688632262
175.7585767500029,65,F4,1167.9595947265625,0.2084166407585144,1689.7819987382945
175.86202500000292,68,G#4,528.48046875,0.22049641609191895,1951.4911912640443
175.96547325000293,65,F4,1174.9527587890625,0.24955448508262634,1498.5174291028702
176.06892150000294,61,C#4,1175.91064453125,0.25675708055496216,1517.3706705608379
176.12064562500294,62,D4,1173.8924560546875,0.2508210837841034,1594.1008725056506
176.17236975000293,64,E4,524.015380859375,0.2529316544532776,1513.8974385300346
176.22409387500292,65,F4,523.9860229492188,0.24767661094665527,1502.3620332924147
176.27581800000291,67,G4,524.4764404296875,0.2655830681324005,1654.347388302452
176.3275421250029,69,A4,520.5310668945312,0.28361237049102783,1534.5478334887086
176.3792662500029,71,B4,785.8980712890625,0.2830619513988495,1335.9585088577744
176.4309903750029,72,C5,583.7353515625,0.26459795236587524,1412.2702438477904
176.48271450000288,74,D5,584.2752685546875,0.2531565725803375,1449.346207752113
176.53443862500288,76,E5,602.6148681640625,0.24137435853481293,1800.3834635277244
176.58616275000287,77,F5,619.3369750976562,0.23441070318222046,1510.7891617623868
176.63788687500286,79,G5,617.5904541015625,0.23901718854904175,1436.7926263000118
176.68961100000286,81,A5,617.7169799804688,0.2526668608188629,1711.5699265559283
176.74133512500285,83,B5,1046.0208740234375,0.256819486618042,2592.471865307912
176.79305925000284,84,C6,1047.1927490234375,0.23465386033058167,3029.605175975371
176.84478337500283,86,D6,1046.4150390625,0.21125979721546173,2639.180930821913
176.89650750000283,88,E6,521.977783203125,0.21698515117168427,2201.1585942476854
177.31030050000282,64,E4,585.3268432617188,0.24668394029140472,1583.328205326682
177.31030050000282,61,C#4,585.3268432617188,0.24668394029140472,1583.328205326682
177.31030050000282,57,A3,585.3268432617188,0.24668394029140472,1583.328205326682
177.72409350000285,61,C#4,1049.3902587890625,0.21505698561668396,2776.941449765146
177.72409350000285,57,A3,1049.3902587890625,0.21505698561668396,2776.941449765146
177.72409350000285,64,E4,1049.3902587890625,0.21505698561668396,2776.941449765146
178.13788650000288,64,E4,698.3507690429688,0.2102418839931488,2745.884980947132
178.13788650000288,61,C#4,698.3507690429688,0.2102418839931488,2745.884980947132
178.13788650000288,57,A3,698.3507690429688,0.2102418839931488,2745.884980947132
178.5516795000029,64,E4,699.5894165039062,0.20241159200668335,2710.0082625144464
178.5516795000029,61,C#4,699.5894165039062,0.20241159200668335,2710.0082625144464
178.5516795000029,57,A3,699.5894165039062,0.20241159200668335,2710.0082625144464
178.96547250000293,64,E4,989.9474487304688,0.22775806486606598,2543.39416277719
178.96547250000293,61,C#4,989.9474487304688,0.22775806486606598,2543.39416277719
178.96547250000293,57,A3,989.9474487304688,0.22775806486606598,2543.39416277719
179.37926550000296,64,E4,1096.8018798828125,0.20176814496517181,3473.333912189082
179.37926550000296,61,C#4,1096.8018798828125,0.20176814496517181,3473.333912189082
179.37926550000296,57,A3,1096.8018798828125,0.20176814496517181,3473.333912189082
179.79305850000299,64,E4,623.0205078125,0.21734823286533356,2928.710507754158
179.79305850000299,61,C#4,623.0205078125,0.21734823286533356,2928.710507754158
179.79305850000299,57,A3,623.0205078125,0.21734823286533356,2928.710507754158
180.206851500003,66,F#4,1048.6993408203125,0.2027260810136795,2634.7836630215106
180.206851500003,62,D4,1048.6993408203125,0.2027260810136795,2634.7836630215106
180.62064450000304,64,E4,1066.0194091796875,0.21545743942260742,2550.8914312367124
180.62064450000304,61,C#4,1066.0194091796875,0.21545743942260742,2550.8914312367124
180.82754100000307,64,E4,1064.79638671875,0.2230125516653061,2421.209170992236
180.82754100000307,61,C#4,1064.79638671875,0.2230125516653061,2421.209170992236
181.0344375000031,63,D#4,1173.3956298828125,0.23447033762931824,2528.3776879057277
181.0344375000031,60,C4,1173.3956298828125,0.23447033762931824,2528.3776879057277
181.44823050000312,61,C#4,830.5703125,0.2518812417984009,2581.436278096536
181.44823050000312,64,E4,830.5703125,0.2518812417984009,2581.436278096536
181.86202350000315,66,F#4,1173.4150390625,0.20492759346961975,3328.505863774526
181.86202350000315,62,D4,1173.4150390625,0.20492759346961975,3328.505863774526
182.27581650000317,64,E4,699.0318603515625,0.22735866904258728,2171.3872092718325
182.27581650000317,61,C#4,699.0318603515625,0.22735866904258728,2171.3872092718325
182.4827130000032,64,E4,697.19384765625,0.2673196792602539,1563.267972028334
182.4827130000032,61,C#4,697.19384765625,0.2673196792602539,1563.267972028334
182.68960950000323,63,D#4,698.8084106445312,0.2771528959274292,1700.9764113034062
182.68960950000323,60,C4,698.8084106445312,0.2771528959274292,1700.9764113034062
183.10340250000326,64,E4,588.7506103515625,0.2621156871318817,1706.2357677754408
183.10340250000326,61,C#4,588.7506103515625,0.2621156871318817,1706.2357677754408
183.31029900000328,64,E4,1175.24609375,0.18672357499599457,1751.0662380509457
183.31029900000328,61,C#4,1175.24609375,0.18672357499599457,1751.0662380509457
183.5171955000033,69,A4,1174.5433349609375,0.24653851985931396,2266.1848021499654
183.5171955000033,66,F#4,1174.5433349609375,0.24653851985931396,2266.1848021499654
183.5171955000033,62,D4,1174.5433349609375,0.24653851985931396,2266.1848021499654
183.93098850000334,64,E4,696.5879516601562,0.24537970125675201,1699.1845605755202
183.93098850000334,61,C#4,696.5879516601562,0.24537970125675201,1699.1845605755202
184.13788500000337,64,E4,697.2989501953125,0.19062989950180054,1730.725253648385
184.13788500000337,61,C#4,697.2989501953125,0.19062989950180054,1730.725253648385
184.3447815000034,62,D4,700.4596557617188,0.2618063688278198,1764.0886119774855
184.3447815000034,66,F#4,700.4596557617188,0.2618063688278198,1764.0886119774855
184.3447815000034,69,A4,700.4596557617188,0.2618063688278198,1764.0886119774855
184.75857450000342,64,E4,623.8468627929688,0.2086770236492157,2697.1263602097815
184.75857450000342,61,C#4,623.8468627929688,0.2086770236492157,2697.1263602097815
184.96547100000345,64,E4,1173.8193359375,0.17999915778636932,2788.223234589435
184.96547100000345,61,C#4,1173.8193359375,0.17999915778636932,2788.223234589435
185.17236750000347,63,D#4,696.4755859375,0.230699360370636,2671.6995166226475
185.17236750000347,60,C4,696.4755859375,0.230699360370636,2671.6995166226475
185.3792640000035,63,D#4,785.91455078125,0.2008315920829773,2432.061864383646
185.3792640000035,60,C4,785.91455078125,0.2008315920829773,2432.061864383646
185.58616050000353,61,C#4,623.4798583984375,0.16685932874679565,2625.191155492774
185.58616050000353,64,E4,623.4798583984375,0.16685932874679565,2625.191155492774
185.99995350000356,66,F#4,957.3529052734375,0.1978382021188736,2349.385520553018
185.99995350000356,62,D4,957.3529052734375,0.1978382021188736,2349.385520553018
186.41374650000358,64,E4,884.723388671875,0.1901165097951889,2182.5403556518168
186.41374650000358,61,C#4,884.723388671875,0.1901165097951889,2182.5403556518168
186.8275395000036,65,F4,691.67431640625,0.19936786592006683,2000.3696799183851
186.8275395000036,61,C#4,691.67431640625,0.19936786592006683,2000.3696799183851
186.8275395000036,56,G#3,691.67431640625,0.19936786592006683,2000.3696799183851
187.03443600000364,65,F4,1174.053466796875,0.21791157126426697,2287.7794013230614
187.03443600000364,61,C#4,1174.053466796875,0.21791157126426697,2287.7794013230614
187.03443600000364,56,G#3,1174.053466796875,0.21791157126426697,2287.7794013230614
187.24133250000367,65,F4,696.4830322265625,0.22709771990776062,2080.753079265574
187.24133250000367,61,C#4,696.4830322265625,0.22709771990776062,2080.753079265574
187.24133250000367,56,G#3,696.4830322265625,0.22709771990776062,2080.753079265574
187.4482290000037,65,F4,1045.25927734375,0.2750195562839508,1635.8930167992075
187.4482290000037,61,C#4,1045.25927734375,0.2750195562839508,1635.8930167992075
187.4482290000037,56,G#3,1045.25927734375,0.2750195562839508,1635.8930167992075
187.65512550000372,56,G#3,1057.265380859375,0.18948587775230408,2040.3868445257056
187.65512550000372,60,C4,1057.265380859375,0.18948587775230408,2040.3868445257056
187.65512550000372,63,D#4,1057.265380859375,0.18948587775230408,2040.3868445257056
188.06891850000375,56,G#3,1061.7550048828125,0.19995948672294617,3405.8463678846924
188.06891850000375,60,C4,1061.7550048828125,0.19995948672294617,3405.8463678846924
188.06891850000375,63,D#4,1061.7550048828125,0.19995948672294617,3405.8463678846924
188.48271150000377,60,C4,1056.8482666015625,0.1920471489429474,2720.7267826016064
188.48271150000377,64,E4,1056.8482666015625,0.1920471489429474,2720.7267826016064
188.48271150000377,67,G4,1056.8482666015625,0.1920471489429474,2720.7267826016064
188.6896080000038,60,C4,1052.7197265625,0.19373999536037445,2740.5004439108543
188.6896080000038,64,E4,1052.7197265625,0.19373999536037445,2740.5004439108543
188.6896080000038,67,G4,1052.7197265625,0.19373999536037445,2740.5004439108543
188.89650450000383,60,C4,1058.7459716796875,0.16668377816677094,2316.9260691996656
188.89650450000383,64,E4,1058.7459716796875,0.16668377816677094,2316.9260691996656
188.89650450000383,67,G4,1058.7459716796875,0.16668377816677094,2316.9260691996656
189.10340100000386,60,C4,784.28955078125,0.17694929242134094,1834.1244527547929
189.10340100000386,64,E4,784.28955078125,0.17694929242134094,1834.1244527547929
189.10340100000386,67,G4,784.28955078125,0.17694929242134094,1834.1244527547929
189.31029750000388,68,G#4,691.7164306640625,0.14184655249118805,2100.2191416546357
189.31029750000388,62,D4,691.7164306640625,0.14184655249118805,2100.2191416546357
189.31029750000388,59,B3,691.7164306640625,0.14184655249118805,2100.2191416546357
189.7240905000039,68,G#4,1175.2384033203125,0.1764518767595291,2123.643906212392
189.7240905000039,62,D4,1175.2384033203125,0.1764518767595291,2123.643906212392
189.7240905000039,59,B3,1175.2384033203125,0.1764518767595291,2123.643906212392
190.13788350000394,69,A4,621.28125,0.16931886970996857,1877.46897868599
190.13788350000394,64,E4,621.28125,0.16931886970996857,1877.46897868599
190.13788350000394,61,C#4,621.28125,0.16931886970996857,1877.46897868599
193.65512400000395,57,A3,1175.0206298828125,0.23286859691143036,2307.9847740795212
193.86202050000398,57,A3,883.0032958984375,0.20393696427345276,2693.2084043105456
194.068917000004,58,A#3,699.2188110351562,0.20777782797813416,2757.4811329584654
194.27581350000403,57,A3,699.6177368164062,0.2008509486913681,2389.2882863328455
194.48271000000406,55,G3,831.35009765625,0.28300195932388306,2045.4675456797036
194.6896065000041,53,F3,832.8341064453125,0.2127671241760254,2192.677741892959
194.89650300000412,52,E3,830.1802368164062,0.21555547416210175,2116.166176002998
195.93098550000414,70,A#4,1107.7657470703125,0.2117493748664856,2808.3649598829643
195.93098550000414,67,G4,1107.7657470703125,0.2117493748664856,2808.3649598829643
196.34477850000414,63,D#4,1108.554931640625,0.20043060183525085,3419.2956202774003
196.75857150000414,60,C4,742.9716186523438,0.21901164948940277,2596.420771900818
196.96546800000417,58,A#3,698.8065795898438,0.30176255106925964,2225.7069632260873
197.79305400000416,71,B4,557.0841064453125,0.26613402366638184,2827.240889381852
197.79305400000416,66,F#4,557.0841064453125,0.26613402366638184,2827.240889381852
198.2068470000042,70,A#4,1108.431640625,0.02544422261416912,1560.537274506003
198.2068470000042,65,F4,1108.431640625,0.02544422261416912,1560.537274506003
198.62064000000422,69,A4,1107.5460205078125,0.032620418816804886,1158.041047036072
198.62064000000422,64,E4,1107.5460205078125,0.032620418816804886,1158.041047036072
199.03443300000424,70,A#4,1108.5513916015625,0.03999714180827141,1155.9694453875998
199.03443300000424,65,F4,1108.5513916015625,0.03999714180827141,1155.9694453875998
199.44822600000427,71,B4,1108.5748291015625,0.04219944775104523,1143.4578542872941
199.44822600000427,66,F#4,1108.5748291015625,0.04219944775104523,1143.4578542872941
199.8620190000043,70,A#4,1109.3118896484375,0.04693678766489029,1164.671173337648
199.8620190000043,65,F4,1109.3118896484375,0.04693678766489029,1164.671173337648
200.27581200000432,69,A4,1109.599609375,0.03667214512825012,1116.5502935915433
200.27581200000432,64,E4,1109.599609375,0.03667214512825012,1116.5502935915433
200.68960500000435,70,A#4,1107.918212890625,0.04703649878501892,1151.3489153406363
200.68960500000435,65,F4,1107.918212890625,0.04703649878501892,1151.3489153406363
201.10339800000438,72,C5,1173.9539794921875,0.07131996750831604,1035.470812675531
201.10339800000438,68,G#4,1173.9539794921875,0.07131996750831604,1035.470812675531
201.10339800000438,63,D#4,1173.9539794921875,0.07131996750831604,1035.470812675531
201.5171910000044,70,A#4,1109.3056640625,0.04545716941356659,1182.469305625326
201.5171910000044,67,G4,1109.3056640625,0.04545716941356659,1182.469305625326
201.5171910000044,63,D#4,1109.3056640625,0.04545716941356659,1182.469305625326
201.72408750000443,70,A#4,1110.616455078125,0.04875652492046356,1182.5129352459992
201.72408750000443,67,G4,1110.616455078125,0.04875652492046356,1182.5129352459992
201.72408750000443,63,D#4,1110.616455078125,0.04875652492046356,1182.5129352459992
201.93098400000446,63,D#4,931.7841186523438,0.07023126631975174,1097.937690933186
201.93098400000446,69,A4,931.7841186523438,0.07023126631975174,1097.937690933186
201.93098400000446,66,F#4,931.7841186523438,0.07023126631975174,1097.937690933186
202.34477700000448,70,A#4,1111.5255126953125,0.04827472195029259,1188.5411948687147
202.34477700000448,67,G4,1111.5255126953125,0.04827472195029259,1188.5411948687147
202.34477700000448,63,D#4,1111.5255126953125,0.04827472195029259,1188.5411948687147
202.7585700000045,72,C5,1174.0728759765625,0.08016937971115112,995.1236597294604
202.7585700000045,68,G#4,1174.0728759765625,0.08016937971115112,995.1236597294604
202.7585700000045,63,D#4,1174.0728759765625,0.08016937971115112,995.1236597294604
202.96546650000454,72,C5,1105.150390625,0.006644217297434807,943.0103040281886
202.96546650000454,68,G#4,1105.150390625,0.006644217297434807,943.0103040281886
202.96546650000454,63,D#4,1105.150390625,0.006644217297434807,943.0103040281886
203.17236300000457,70,A#4,1108.542724609375,0.04189493507146835,1166.3555391986845
203.17236300000457,67,G4,1108.542724609375,0.04189493507146835,1166.3555391986845
203.17236300000457,63,D#4,1108.542724609375,0.04189493507146835,1166.3555391986845
203.5861560000046,69,A4,932.2806396484375,0.07687896490097046,1105.8956770310433
203.5861560000046,66,F#4,932.2806396484375,0.07687896490097046,1105.8956770310433
203.5861560000046,63,D#4,932.2806396484375,0.07687896490097046,1105.8956770310433
203.79305250000462,69,A4,783.15869140625,0.009625343605875969,2134.756527760724
203.79305250000462,66,F#4,783.15869140625,0.009625343605875969,2134.756527760724
203.79305250000462,63,D#4,783.15869140625,0.009625343605875969,2134.756527760724
203.99994900000465,70,A#4,1193.7847900390625,0.10996302962303162,1984.3896658702183
203.99994900000465,67,G4,1193.7847900390625,0.10996302962303162,1984.3896658702183
203.99994900000465,63,D#4,1193.7847900390625,0.10996302962303162,1984.3896658702183
204.41374200000467,72,C5,1174.7139892578125,0.13296017050743103,1694.161199965058
204.41374200000467,68,G#4,1174.7139892578125,0.13296017050743103,1694.161199965058
204.41374200000467,63,D#4,1174.7139892578125,0.13296017050743103,1694.161199965058
204.8275350000047,72,C5,1107.315673828125,0.1042693704366684,1930.5643236832575
204.8275350000047,68,G#4,1107.315673828125,0.1042693704366684,1930.5643236832575
204.8275350000047,63,D#4,1107.315673828125,0.1042693704366684,1930.5643236832575
205.03443150000473,74,D5,1097.8939208984375,0.09060249477624893,1942.432953248722
205.03443150000473,70,A#4,1097.8939208984375,0.09060249477624893,1942.432953248722
205.03443150000473,63,D#4,1097.8939208984375,0.09060249477624893,1942.432953248722
205.24132800000476,63,D#4,1174.2393798828125,0.13099516928195953,1640.1383840521282
205.24132800000476,70,A#4,1174.2393798828125,0.13099516928195953,1640.1383840521282
205.24132800000476,67,G4,1174.2393798828125,0.13099516928195953,1640.1383840521282
205.65512100000478,63,D#4,1106.553955078125,0.08201532810926437,2117.0202627683125
205.65512100000478,70,A#4,1106.553955078125,0.08201532810926437,2117.0202627683125
205.65512100000478,67,G4,1106.553955078125,0.08201532810926437,2117.0202627683125
206.0689140000048,63,D#4,933.0559692382812,0.08747141808271408,1871.0880498269762
206.0689140000048,65,F4,933.0559692382812,0.08747141808271408,1871.0880498269762
206.0689140000048,69,A4,933.0559692382812,0.08747141808271408,1871.0880498269762
206.48270700000484,69,A4,1104.4732666015625,0.0849214643239975,2283.6006700905914
206.48270700000484,63,D#4,1104.4732666015625,0.0849214643239975,2283.6006700905914
206.48270700000484,62,D4,1104.4732666015625,0.0849214643239975,2283.6006700905914
206.89650000000486,62,D4,1174.6600341796875,0.10417395085096359,1934.1297908399622
206.89650000000486,65,F4,1174.6600341796875,0.10417395085096359,1934.1297908399622
206.89650000000486,70,A#4,1174.6600341796875,0.10417395085096359,1934.1297908399622
207.3102930000049,70,A#4,1110.0616455078125,0.10775899142026901,1609.7197121022987
207.51718950000492,70,A#4,1004.7406005859375,0.06777013838291168,2200.1433125078884
207.72408600000495,68,G#4,697.919921875,0.23349100351333618,2645.9473651490807
207.72408600000495,72,C5,697.919921875,0.23349100351333618,2645.9473651490807
207.93098250000497,75,D#5,348.1434020996094,0.173479363322258,3322.444106279181
208.137879000005,70,A#4,698.3153686523438,0.17270119488239288,3448.8554477892794
208.137879000005,67,G4,698.3153686523438,0.17270119488239288,3448.8554477892794
208.34477550000503,75,D#5,772.8555908203125,0.2433396428823471,2545.9828207704722
208.55167200000506,69,A4,784.6943359375,0.23447227478027344,1640.910006536967
208.55167200000506,66,F#4,784.6943359375,0.23447227478027344,1640.910006536967
208.75856850000508,75,D#5,932.8416748046875,0.22792941331863403,2208.5706433294713
208.9654650000051,68,G#4,931.5676879882812,0.21770834922790527,1098.6066726217455
208.9654650000051,65,F4,931.5676879882812,0.21770834922790527,1098.6066726217455
209.17236150000514,75,D#5,790.25830078125,0.3016152083873749,1641.2999703021655
209.37925800000517,71,B4,986.5947875976562,0.2052781879901886,1636.024590917117
209.37925800000517,66,F#4,986.5947875976562,0.2052781879901886,1636.024590917117
209.7930510000052,70,A#4,987.474365234375,0.22907395660877228,1448.684465150164
209.7930510000052,65,F4,987.474365234375,0.22907395660877228,1448.684465150164
210.20684400000522,69,A4,494.1833801269531,0.1696493923664093,806.0599652369698
210.20684400000522,64,E4,494.1833801269531,0.1696493923664093,806.0599652369698
210.62063700000525,65,F4,494.1687927246094,0.16498784720897675,858.7797829057281
210.62063700000525,70,A#4,494.1687927246094,0.16498784720897675,858.7797829057281
211.03443000000527,66,F#4,436.12420654296875,0.05631875619292259,1787.0830375111886
211.03443000000527,71,B4,436.12420654296875,0.05631875619292259,1787.0830375111886
211.4482230000053,70,A#4,674.9043579101562,0.035162217915058136,2936.9378033340836
211.4482230000053,65,F4,674.9043579101562,0.035162217915058136,2936.9378033340836
211.86201600000533,69,A4,665.3095703125,0.037827085703611374,2639.1397307348925
211.86201600000533,64,E4,665.3095703125,0.037827085703611374,2639.1397307348925
212.27580900000535,62,D4,659.5657348632812,0.0045179324224591255,1996.0962619514823
212.27580900000535,58,A#3,659.5657348632812,0.0045179324224591255,1996.0962619514823
212.27580900000535,53,F3,659.5657348632812,0.0045179324224591255,1996.0962619514823
212.68960200000538,63,D#4,662.1470947265625,0.05711973458528519,3070.2198721149953
212.68960200000538,58,A#3,662.1470947265625,0.05711973458528519,3070.2198721149953
212.68960200000538,55,G3,662.1470947265625,0.05711973458528519,3070.2198721149953
213.1033950000054,58,A#3,697.7731323242188,0.03697312995791435,3306.187723153584
213.1033950000054,53,F3,697.7731323242188,0.03697312995791435,3306.187723153584
213.1033950000054,62,D4,697.7731323242188,0.03697312995791435,3306.187723153584
213.51718800000543,63,D#4,656.670654296875,0.06433337181806564,3075.992797067166
213.51718800000543,67,G4,656.670654296875,0.06433337181806564,3075.992797067166
213.51718800000543,70,A#4,656.670654296875,0.06433337181806564,3075.992797067166
214.13787750000546,65,F4,1103.392578125,0.06369836628437042,1389.8661337066537
214.13787750000546,62,D4,1103.392578125,0.06369836628437042,1389.8661337066537
214.13787750000546,58,A#3,1103.392578125,0.06369836628437042,1389.8661337066537
214.3447740000055,65,F4,1099.198974609375,0.07574674487113953,1495.462984894848
214.3447740000055,62,D4,1099.198974609375,0.07574674487113953,1495.462984894848
214.3447740000055,58,A#3,1099.198974609375,0.07574674487113953,1495.462984894848
214.5516705000055,58,A#3,1164.108642578125,0.08736573159694672,1669.3756778324755
214.5516705000055,67,G4,1164.108642578125,0.08736573159694672,1669.3756778324755
214.5516705000055,63,D#4,1164.108642578125,0.08736573159694672,1669.3756778324755
214.75856700000554,68,G#4,1098.79638671875,0.07487152516841888,2233.211175599116
214.75856700000554,62,D4,1098.79638671875,0.07487152516841888,2233.211175599116
214.75856700000554,58,A#3,1098.79638671875,0.07487152516841888,2233.211175599116
214.96546350000557,58,A#3,1175.130859375,0.06322959065437317,1604.115187542315
214.96546350000557,63,D#4,1175.130859375,0.06322959065437317,1604.115187542315
214.96546350000557,67,G4,1175.130859375,0.06322959065437317,1604.115187542315
215.1723600000056,58,A#3,1054.8382568359375,0.07077625393867493,1565.74989529409
215.1723600000056,62,D4,1054.8382568359375,0.07077625393867493,1565.74989529409
215.1723600000056,65,F4,1054.8382568359375,0.07077625393867493,1565.74989529409
216.41373900000562,62,D4,1165.439697265625,0.10638166218996048,2264.2837104060245
216.41373900000562,58,A#3,1165.439697265625,0.10638166218996048,2264.2837104060245
216.41373900000562,53,F3,1165.439697265625,0.10638166218996048,2264.2837104060245
216.82753200000565,58,A#3,1169.790283203125,0.11193113029003143,2089.47974615614
216.82753200000565,63,D#4,1169.790283203125,0.11193113029003143,2089.47974615614
216.82753200000565,55,G3,1169.790283203125,0.11193113029003143,2089.47974615614
217.24132500000567,58,A#3,1166.5968017578125,0.11195851862430573,2292.289038337073
217.24132500000567,53,F3,1166.5968017578125,0.11195851862430573,2292.289038337073
217.24132500000567,62,D4,1166.5968017578125,0.11195851862430573,2292.289038337073
217.4482215000057,58,A#3,1176.6177978515625,0.12062695622444153,1632.8825753365177
217.4482215000057,62,D4,1176.6177978515625,0.12062695622444153,1632.8825753365177
217.4482215000057,65,F4,1176.6177978515625,0.12062695622444153,1632.8825753365177
217.65511800000573,58,A#3,1173.472900390625,0.13895736634731293,1527.6885895791684
217.65511800000573,62,D4,1173.472900390625,0.13895736634731293,1527.6885895791684
217.65511800000573,65,F4,1173.472900390625,0.13895736634731293,1527.6885895791684
217.86201450000576,58,A#3,1179.7723388671875,0.1105966791510582,1767.5521883210477
217.86201450000576,63,D#4,1179.7723388671875,0.1105966791510582,1767.5521883210477
217.86201450000576,67,G4,1179.7723388671875,0.1105966791510582,1767.5521883210477
218.06891100000578,58,A#3,1183.7518310546875,0.12551483511924744,1594.1889157606788
218.06891100000578,65,F4,1183.7518310546875,0.12551483511924744,1594.1889157606788
218.06891100000578,68,G#4,1183.7518310546875,0.12551483511924744,1594.1889157606788
218.2758075000058,58,A#3,1184.7763671875,0.09187071770429611,2017.3951710355232
218.2758075000058,63,D#4,1184.7763671875,0.09187071770429611,2017.3951710355232
218.2758075000058,67,G4,1184.7763671875,0.09187071770429611,2017.3951710355232
218.48270400000584,58,A#3,1183.0128173828125,0.10991405695676804,1678.4927367477314
218.48270400000584,62,D4,1183.0128173828125,0.10991405695676804,1678.4927367477314
218.48270400000584,65,F4,1183.0128173828125,0.10991405695676804,1678.4927367477314
219.72408300000586,53,F3,1174.87646484375,0.04095450043678284,998.1124719625271
219.72408300000586,58,A#3,1174.87646484375,0.04095450043678284,998.1124719625271
219.72408300000586,62,D4,1174.87646484375,0.04095450043678284,998.1124719625271
220.1378760000059,55,G3,1108.7308349609375,0.026716651394963264,1120.5659315208832
220.1378760000059,58,A#3,1108.7308349609375,0.026716651394963264,1120.5659315208832
220.1378760000059,63,D#4,1108.7308349609375,0.026716651394963264,1120.5659315208832
220.55166900000592,53,F3,1174.83935546875,0.03534303978085518,991.6432502320467
220.55166900000592,58,A#3,1174.83935546875,0.03534303978085518,991.6432502320467
220.55166900000592,62,D4,1174.83935546875,0.03534303978085518,991.6432502320467
220.75856550000594,58,A#3,1175.68603515625,0.0017087406013160944,1152.2996603222823
220.75856550000594,62,D4,1175.68603515625,0.0017087406013160944,1152.2996603222823
220.75856550000594,65,F4,1175.68603515625,0.0017087406013160944,1152.2996603222823
220.96546200000597,58,A#3,932.9835815429688,0.2262725979089737,3224.070261188178
220.96546200000597,62,D4,932.9835815429688,0.2262725979089737,3224.070261188178
220.96546200000597,65,F4,932.9835815429688,0.2262725979089737,3224.070261188178
221.172358500006,58,A#3,518.2459106445312,0.1635964959859848,4170.420894376824
221.172358500006,63,D#4,518.2459106445312,0.1635964959859848,4170.420894376824
221.172358500006,67,G4,518.2459106445312,0.1635964959859848,4170.420894376824
221.37925500000603,58,A#3,389.7227783203125,0.18613530695438385,3556.3800834387835
221.37925500000603,65,F4,389.7227783203125,0.18613530695438385,3556.3800834387835
221.37925500000603,68,G#4,389.7227783203125,0.18613530695438385,3556.3800834387835
221.58615150000605,58,A#3,464.4675598144531,0.17399775981903076,2658.0512926847896
221.58615150000605,63,D#4,464.4675598144531,0.17399775981903076,2658.0512926847896
221.58615150000605,67,G4,464.4675598144531,0.17399775981903076,2658.0512926847896
221.79304800000608,58,A#3,861.5423583984375,0.22603246569633484,1543.663680447936
221.79304800000608,62,D4,861.5423583984375,0.22603246569633484,1543.663680447936
221.79304800000608,65,F4,861.5423583984375,0.22603246569633484,1543.663680447936
222.6206340000061,58,A#3,408.2260437011719,0.20232908427715302,1294.1065551532188
222.6206340000061,62,D4,408.2260437011719,0.20232908427715302,1294.1065551532188
222.6206340000061,65,F4,408.2260437011719,0.20232908427715302,1294.1065551532188
222.82753050000613,58,A#3,415.9216003417969,0.14143869280815125,1853.0054311861695
222.82753050000613,63,D#4,415.9216003417969,0.14143869280815125,1853.0054311861695
222.82753050000613,67,G4,415.9216003417969,0.14143869280815125,1853.0054311861695
223.03442700000616,58,A#3,926.050048828125,0.23100265860557556,1155.0217447846767
223.03442700000616,68,G#4,926.050048828125,0.23100265860557556,1155.0217447846767
223.03442700000616,65,F4,926.050048828125,0.23100265860557556,1155.0217447846767
223.2413235000062,58,A#3,1149.41650390625,0.17845064401626587,2859.4104566803517
223.2413235000062,67,G4,1149.41650390625,0.17845064401626587,2859.4104566803517
223.2413235000062,63,D#4,1149.41650390625,0.17845064401626587,2859.4104566803517
223.44822000000622,58,A#3,1173.8399658203125,0.1640760600566864,1275.971214656768
223.44822000000622,65,F4,1173.8399658203125,0.1640760600566864,1275.971214656768
223.44822000000622,62,D4,1173.8399658203125,0.1640760600566864,1275.971214656768
224.27580600000624,58,A#3,1043.7222900390625,0.20710384845733643,2444.6435698745454
224.27580600000624,62,D4,1043.7222900390625,0.20710384845733643,2444.6435698745454
224.27580600000624,65,F4,1043.7222900390625,0.20710384845733643,2444.6435698745454
224.48270250000627,58,A#3,617.1480102539062,0.23655864596366882,2337.577803511287
224.48270250000627,63,D#4,617.1480102539062,0.23655864596366882,2337.577803511287
224.48270250000627,67,G4,617.1480102539062,0.23655864596366882,2337.577803511287
224.6895990000063,58,A#3,1045.051513671875,0.24379311501979828,1959.934803689951
224.6895990000063,68,G#4,1045.051513671875,0.24379311501979828,1959.934803689951
224.6895990000063,65,F4,1045.051513671875,0.24379311501979828,1959.934803689951
224.89649550000632,58,A#3,580.1061401367188,0.29822245240211487,2102.854594825156
224.89649550000632,63,D#4,580.1061401367188,0.29822245240211487,2102.854594825156
224.89649550000632,67,G4,580.1061401367188,0.29822245240211487,2102.854594825156
225.10339200000635,58,A#3,786.7467041015625,0.22046789526939392,3036.3498667842277
225.10339200000635,65,F4,786.7467041015625,0.22046789526939392,3036.3498667842277
225.10339200000635,62,D4,786.7467041015625,0.22046789526939392,3036.3498667842277
226.13787450000638,61,C#4,1008.6268310546875,0.2504500150680542,1358.8400822243173
226.34477100000638,70,A#4,694.8670654296875,0.2617560923099518,1355.2085014178597
226.75856400000637,66,F#4,816.7510375976562,0.144703671336174,1930.3823421883992
227.17235700000637,76,E5,931.169189453125,0.017943352460861206,1471.1412623237409
227.58615000000637,71,B4,621.7401123046875,0.032829057425260544,997.7922180224224
227.58615000000637,66,F#4,621.7401123046875,0.032829057425260544,997.7922180224224
227.58615000000637,62,D4,621.7401123046875,0.032829057425260544,997.7922180224224
227.9999430000064,67,G4,621.8355102539062,0.022426430135965347,929.8691652516414
227.9999430000064,64,E4,621.8355102539062,0.022426430135965347,929.8691652516414
227.9999430000064,69,A4,621.8355102539062,0.022426430135965347,929.8691652516414
228.41373600000642,69,A4,738.6172485351562,0.025261592119932175,831.8855723880048
228.41373600000642,66,F#4,738.6172485351562,0.025261592119932175,831.8855723880048
228.41373600000642,74,D5,738.6172485351562,0.025261592119932175,831.8855723880048
228.82752900000645,73,C#5,621.5777587890625,0.029760517179965973,921.2995535484217
228.82752900000645,71,B4,621.5777587890625,0.029760517179965973,921.2995535484217
228.82752900000645,68,G#4,621.5777587890625,0.029760517179965973,921.2995535484217
229.24132200000648,70,A#4,1176.821533203125,0.020969614386558533,1045.9552036528655
229.24132200000648,64,E4,1176.821533203125,0.020969614386558533,1045.9552036528655
229.24132200000648,78,F#5,1176.821533203125,0.020969614386558533,1045.9552036528655
229.6551150000065,70,A#4,1110.139892578125,0.032648224383592606,1028.998243758957
229.6551150000065,65,F4,1110.139892578125,0.032648224383592606,1028.998243758957
229.6551150000065,74,D5,1110.139892578125,0.032648224383592606,1028.998243758957
230.06890800000653,75,D#5,1173.9755859375,0.029087547212839127,889.7376560500815
230.06890800000653,67,G4,1173.9755859375,0.029087547212839127,889.7376560500815
232.13787300000655,70,A#4,627.6611938476562,0.23057550191879272,1766.2948738512048
232.13787300000655,67,G4,627.6611938476562,0.23057550191879272,1766.2948738512048
232.13787300000655,63,D#4,627.6611938476562,0.23057550191879272,1766.2948738512048
232.34476950000658,70,A#4,487.3230895996094,0.10922380536794662,2337.691484815089
232.34476950000658,67,G4,487.3230895996094,0.10922380536794662,2337.691484815089
232.34476950000658,63,D#4,487.3230895996094,0.10922380536794662,2337.691484815089
232.5516660000066,63,D#4,1199.2198486328125,0.11884485185146332,1683.4884892517132
232.5516660000066,68,G#4,1199.2198486328125,0.11884485185146332,1683.4884892517132
232.5516660000066,72,C5,1199.2198486328125,0.11884485185146332,1683.4884892517132
232.75856250000663,63,D#4,976.3378295898438,0.11317439377307892,1928.9431756919994
232.75856250000663,70,A#4,976.3378295898438,0.11317439377307892,1928.9431756919994
232.75856250000663,67,G4,976.3378295898438,0.11317439377307892,1928.9431756919994
232.96545900000666,68,G#4,1183.6954345703125,0.2501910328865051,1651.1784646731962
232.96545900000666,62,D4,1183.6954345703125,0.2501910328865051,1651.1784646731962
233.1723555000067,60,C4,1195.83349609375,0.1892727017402649,1681.7198771865162
233.1723555000067,67,G4,1195.83349609375,0.1892727017402649,1681.7198771865162
233.37925200000672,65,F4,1186.4295654296875,0.17141090333461761,3259.721540460785
233.37925200000672,65,F4,1186.4295654296875,0.17141090333461761,3259.721540460785
233.37925200000672,58,A#3,1186.4295654296875,0.17141090333461761,3259.721540460785
233.37925200000672,56,G#3,1186.4295654296875,0.17141090333461761,3259.721540460785
233.37925200000672,53,F3,1186.4295654296875,0.17141090333461761,3259.721540460785
234.20683800000674,63,D#4,930.12939453125,0.24788783490657806,1946.615945832086
234.20683800000674,67,G4,930.12939453125,0.24788783490657806,1946.615945832086
234.20683800000674,70,A#4,930.12939453125,0.24788783490657806,1946.615945832086
234.82752750000677,70,A#4,933.5519409179688,0.10791302472352982,2064.022522948964
234.82752750000677,67,G4,933.5519409179688,0.10791302472352982,2064.022522948964
234.82752750000677,63,D#4,933.5519409179688,0.10791302472352982,2064.022522948964
235.0344240000068,63,D#4,954.3020629882812,0.1336633712053299,2142.421728558799
235.0344240000068,68,G#4,954.3020629882812,0.1336633712053299,2142.421728558799
235.0344240000068,72,C5,954.3020629882812,0.1336633712053299,2142.421728558799
235.44821700000682,63,D#4,1196.6671142578125,0.11199263483285904,1938.2947731630734
235.44821700000682,68,G#4,1196.6671142578125,0.11199263483285904,1938.2947731630734
235.44821700000682,72,C5,1196.6671142578125,0.11199263483285904,1938.2947731630734
235.86201000000685,68,G#4,624.5369262695312,0.09709308296442032,4020.0224644149694
235.86201000000685,66,F#4,624.5369262695312,0.09709308296442032,4020.0224644149694
235.86201000000685,62,D4,624.5369262695312,0.09709308296442032,4020.0224644149694
236.06890650000688,68,G#4,1164.8536376953125,0.28378280997276306,1787.1482865745556
236.06890650000688,66,F#4,1164.8536376953125,0.28378280997276306,1787.1482865745556
236.06890650000688,62,D4,1164.8536376953125,0.28378280997276306,1787.1482865745556
236.2758030000069,68,G#4,640.7105102539062,0.1063413918018341,1833.3971150510336
236.2758030000069,66,F#4,640.7105102539062,0.1063413918018341,1833.3971150510336
236.2758030000069,62,D4,640.7105102539062,0.1063413918018341,1833.3971150510336
236.48269950000693,68,G#4,1161.3900146484375,0.18042857944965363,1611.5987410910798
236.48269950000693,66,F#4,1161.3900146484375,0.18042857944965363,1611.5987410910798
236.48269950000693,62,D4,1161.3900146484375,0.18042857944965363,1611.5987410910798
236.68959600000696,70,A#4,586.5501098632812,0.20612294971942902,1343.1190474449054
236.68959600000696,67,G4,586.5501098632812,0.20612294971942902,1343.1190474449054
236.68959600000696,62,D4,586.5501098632812,0.20612294971942902,1343.1190474449054
237.10338900000698,70,A#4,621.2469482421875,0.17075267434120178,1789.453355395206
237.10338900000698,67,G4,621.2469482421875,0.17075267434120178,1789.453355395206
237.10338900000698,62,D4,621.2469482421875,0.17075267434120178,1789.453355395206
237.517182000007,62,D4,621.2514038085938,0.1658153533935547,1313.348517943907
237.517182000007,58,A#3,621.2514038085938,0.1658153533935547,1313.348517943907
237.517182000007,56,G#3,621.2514038085938,0.1658153533935547,1313.348517943907
237.517182000007,53,F3,621.2514038085938,0.1658153533935547,1313.348517943907
239.172354000007,62,D4,615.2705688476562,0.31276935338974,2018.5395403559492
239.172354000007,58,A#3,615.2705688476562,0.31276935338974,2018.5395403559492
239.172354000007,56,G#3,615.2705688476562,0.31276935338974,2018.5395403559492
239.172354000007,53,F3,615.2705688476562,0.31276935338974,2018.5395403559492
240.827526000007,62,D4,1172.538818359375,0.2311994582414627,1151.1743802589351
240.827526000007,58,A#3,1172.538818359375,0.2311994582414627,1151.1743802589351
240.827526000007,56,G#3,1172.538818359375,0.2311994582414627,1151.1743802589351
240.827526000007,53,F3,1172.538818359375,0.2311994582414627,1151.1743802589351
241.655112000007,62,D4,1161.7242431640625,0.20141258835792542,1555.7468069620534
241.655112000007,58,A#3,1161.7242431640625,0.20141258835792542,1555.7468069620534
241.655112000007,56,G#3,1161.7242431640625,0.20141258835792542,1555.7468069620534
241.655112000007,53,F3,1161.7242431640625,0.20141258835792542,1555.7468069620534
242.482698000007,62,D4,1172.2515869140625,0.18147115409374237,1381.9259871826598
242.482698000007,58,A#3,1172.2515869140625,0.18147115409374237,1381.9259871826598
242.482698000007,56,G#3,1172.2515869140625,0.18147115409374237,1381.9259871826598
242.482698000007,53,F3,1172.2515869140625,0.18147115409374237,1381.9259871826598
242.896491000007,62,D4,949.5361938476562,0.12519997358322144,2328.191205592094
242.896491000007,58,A#3,949.5361938476562,0.12519997358322144,2328.191205592094
242.896491000007,56,G#3,949.5361938476562,0.12519997358322144,2328.191205592094
242.896491000007,53,F3,949.5361938476562,0.12519997358322144,2328.191205592094
243.310284000007,62,D4,968.85888671875,0.22666554152965546,2002.7623955828626
243.310284000007,58,A#3,968.85888671875,0.22666554152965546,2002.7623955828626
243.310284000007,56,G#3,968.85888671875,0.22666554152965546,2002.7623955828626
243.310284000007,53,F3,968.85888671875,0.22666554152965546,2002.7623955828626
243.724077000007,62,D4,659.405029296875,0.28317975997924805,2148.008174271397
243.724077000007,58,A#3,659.405029296875,0.28317975997924805,2148.008174271397
243.724077000007,56,G#3,659.405029296875,0.28317975997924805,2148.008174271397
243.724077000007,53,F3,659.405029296875,0.28317975997924805,2148.008174271397
244.13787000000698,63,D#4,1166.6986083984375,0.15261444449424744,1609.7684538698147
244.13787000000698,75,D#5,1166.6986083984375,0.15261444449424744,1609.7684538698147
244.448214750007,55,G3,1065.9095458984375,0.12327271699905396,1751.9966008544743
244.448214750007,67,G4,1065.9095458984375,0.12327271699905396,1751.9966008544743
244.758559500007,56,G#3,1164.7083740234375,0.10934106260538101,1860.3069573701378
244.758559500007,68,G#4,1164.7083740234375,0.10934106260538101,1860.3069573701378
245.06890425000702,58,A#3,1129.6611328125,0.12245918810367584,1864.771557539629
245.06890425000702,70,A#4,1129.6611328125,0.12245918810367584,1864.771557539629
245.27580075000705,60,C4,1122.0987548828125,0.1094568520784378,1900.5611742820117
245.27580075000705,72,C5,1122.0987548828125,0.1094568520784378,1900.5611742820117
245.37924900000706,74,D5,1121.141357421875,0.12091434746980667,1952.9606430096624
245.37924900000706,62,D4,1121.141357421875,0.12091434746980667,1952.9606430096624
245.48269725000708,75,D#5,1138.6119384765625,0.12666846811771393,1846.3450331618908
245.48269725000708,63,D#4,1138.6119384765625,0.12666846811771393,1846.3450331618908
245.8964902500071,75,D#5,1132.0533447265625,0.1440950483083725,1929.2179306799471
245.8964902500071,63,D#4,1132.0533447265625,0.1440950483083725,1929.2179306799471
246.20683500000712,67,G4,1120.7901611328125,0.1252589225769043,1807.8103746244074
246.20683500000712,55,G3,1120.7901611328125,0.1252589225769043,1807.8103746244074
246.51717975000713,56,G#3,1138.0517578125,0.1571512371301651,2316.628446031961
246.51717975000713,68,G#4,1138.0517578125,0.1571512371301651,2316.628446031961
246.82752450000714,58,A#3,1131.42236328125,0.19465912878513336,2294.3349999444954
246.82752450000714,70,A#4,1131.42236328125,0.19465912878513336,2294.3349999444954
246.93097275000716,60,C4,1138.082763671875,0.12449854612350464,2076.0496830666452
246.93097275000716,72,C5,1138.082763671875,0.12449854612350464,2076.0496830666452
247.03442100000717,58,A#3,1122.6065673828125,0.17533007264137268,1964.7053792088593
247.03442100000717,70,A#4,1122.6065673828125,0.17533007264137268,1964.7053792088593
247.6551105000072,75,D#5,1187.164306640625,0.19551613926887512,2551.330037157369
247.6551105000072,63,D#4,1187.164306640625,0.19551613926887512,2551.330037157369
